"date","site","flow"
"2019-01-01 00:00:00","lfalls",43400
"2019-01-02 00:00:00","lfalls",44100
"2019-01-03 00:00:00","lfalls",38800
"2019-01-04 00:00:00","lfalls",32900
"2019-01-05 00:00:00","lfalls",29300
"2019-01-06 00:00:00","lfalls",28100
"2019-01-07 00:00:00","lfalls",27900
"2019-01-08 00:00:00","lfalls",27000
"2019-01-09 00:00:00","lfalls",24500
"2019-01-10 00:00:00","lfalls",22900
"2019-01-11 00:00:00","lfalls",21300
"2019-01-12 00:00:00","lfalls",19400
"2019-01-13 00:00:00","lfalls",19100
"2019-01-14 00:00:00","lfalls",18600
"2019-01-15 00:00:00","lfalls",17600
"2019-01-16 00:00:00","lfalls",16700
"2019-01-17 00:00:00","lfalls",15500
"2019-01-18 00:00:00","lfalls",14600
"2019-01-19 00:00:00","lfalls",14600
"2019-01-20 00:00:00","lfalls",27700
"2019-01-21 00:00:00","lfalls",42100
"2019-01-22 00:00:00","lfalls",51300
"2019-01-23 00:00:00","lfalls",37100
"2019-01-24 00:00:00","lfalls",35600
"2019-01-25 00:00:00","lfalls",50900
"2019-01-26 00:00:00","lfalls",57900
"2019-01-27 00:00:00","lfalls",48200
"2019-01-28 00:00:00","lfalls",38400
"2019-01-29 00:00:00","lfalls",32100
"2019-01-30 00:00:00","lfalls",27300
"2019-01-31 00:00:00","lfalls",23600
"2019-02-01 00:00:00","lfalls",19900
"2019-02-02 00:00:00","lfalls",17000
"2019-02-03 00:00:00","lfalls",15600
"2019-02-04 00:00:00","lfalls",16000
"2019-02-05 00:00:00","lfalls",17000
"2019-02-06 00:00:00","lfalls",17000
"2019-02-07 00:00:00","lfalls",17700
"2019-02-08 00:00:00","lfalls",21300
"2019-02-09 00:00:00","lfalls",27400
"2019-02-10 00:00:00","lfalls",29500
"2019-02-11 00:00:00","lfalls",24800
"2019-02-12 00:00:00","lfalls",26400
"2019-02-13 00:00:00","lfalls",34000
"2019-02-14 00:00:00","lfalls",43700
"2019-02-15 00:00:00","lfalls",41400
"2019-02-16 00:00:00","lfalls",35300
"2019-02-17 00:00:00","lfalls",33000
"2019-02-18 00:00:00","lfalls",30100
"2019-02-19 00:00:00","lfalls",26400
"2019-02-20 00:00:00","lfalls",23600
"2019-02-21 00:00:00","lfalls",23100
"2019-02-22 00:00:00","lfalls",25400
"2019-02-23 00:00:00","lfalls",33100
"2019-02-24 00:00:00","lfalls",52500
"2019-02-25 00:00:00","lfalls",62600
"2019-02-26 00:00:00","lfalls",72800
"2019-02-27 00:00:00","lfalls",55100
"2019-02-28 00:00:00","lfalls",41500
"2019-03-01 00:00:00","lfalls",33200
"2019-03-02 00:00:00","lfalls",32600
"2019-03-03 00:00:00","lfalls",31300
"2019-03-04 00:00:00","lfalls",35300
"2019-03-05 00:00:00","lfalls",34400
"2019-03-06 00:00:00","lfalls",34200
"2019-03-07 00:00:00","lfalls",28800
"2019-03-08 00:00:00","lfalls",25300
"2019-03-09 00:00:00","lfalls",23200
"2019-03-10 00:00:00","lfalls",23800
"2019-03-11 00:00:00","lfalls",33800
"2019-03-12 00:00:00","lfalls",41300
"2019-03-13 00:00:00","lfalls",38100
"2019-03-14 00:00:00","lfalls",33200
"2019-03-15 00:00:00","lfalls",29100
"2019-03-16 00:00:00","lfalls",26600
"2019-03-17 00:00:00","lfalls",25300
"2019-03-18 00:00:00","lfalls",23100
"2019-03-19 00:00:00","lfalls",20500
"2019-03-20 00:00:00","lfalls",18500
"2019-03-21 00:00:00","lfalls",24800
"2019-03-22 00:00:00","lfalls",63400
"2019-03-23 00:00:00","lfalls",64700
"2019-03-24 00:00:00","lfalls",43900
"2019-03-25 00:00:00","lfalls",33000
"2019-03-26 00:00:00","lfalls",28100
"2019-03-27 00:00:00","lfalls",25400
"2019-03-28 00:00:00","lfalls",22900
"2019-03-29 00:00:00","lfalls",20800
"2019-03-30 00:00:00","lfalls",19300
"2019-03-31 00:00:00","lfalls",18400
"2019-04-01 00:00:00","lfalls",17100
"2019-04-02 00:00:00","lfalls",15600
"2019-04-03 00:00:00","lfalls",14800
"2019-04-04 00:00:00","lfalls",13800
"2019-04-05 00:00:00","lfalls",13200
"2019-04-06 00:00:00","lfalls",13200
"2019-04-07 00:00:00","lfalls",13300
"2019-04-08 00:00:00","lfalls",14200
"2019-04-09 00:00:00","lfalls",13800
"2019-04-10 00:00:00","lfalls",13400
"2019-04-11 00:00:00","lfalls",12900
"2019-04-12 00:00:00","lfalls",12600
"2019-04-13 00:00:00","lfalls",14000
"2019-04-14 00:00:00","lfalls",16500
"2019-04-15 00:00:00","lfalls",25000
"2019-04-16 00:00:00","lfalls",34600
"2019-04-17 00:00:00","lfalls",36100
"2019-04-18 00:00:00","lfalls",29100
"2019-04-19 00:00:00","lfalls",24600
"2019-04-20 00:00:00","lfalls",31400
"2019-04-21 00:00:00","lfalls",48500
"2019-04-22 00:00:00","lfalls",48300
"2019-04-23 00:00:00","lfalls",36700
"2019-04-24 00:00:00","lfalls",29000
"2019-04-25 00:00:00","lfalls",24500
"2019-04-26 00:00:00","lfalls",22000
"2019-04-27 00:00:00","lfalls",20400
"2019-04-28 00:00:00","lfalls",19100
"2019-04-29 00:00:00","lfalls",18800
"2019-04-30 00:00:00","lfalls",18600
"2019-05-01 00:00:00","lfalls",17100
"2019-05-02 00:00:00","lfalls",16300
"2019-05-03 00:00:00","lfalls",15300
"2019-05-04 00:00:00","lfalls",16300
"2019-05-05 00:00:00","lfalls",29900
"2019-05-06 00:00:00","lfalls",64000
"2019-05-07 00:00:00","lfalls",67400
"2019-05-08 00:00:00","lfalls",44700
"2019-05-09 00:00:00","lfalls",33200
"2019-05-10 00:00:00","lfalls",27000
"2019-05-11 00:00:00","lfalls",28700
"2019-05-12 00:00:00","lfalls",24900
"2019-05-13 00:00:00","lfalls",33800
"2019-05-14 00:00:00","lfalls",49800
"2019-05-15 00:00:00","lfalls",49500
"2019-05-16 00:00:00","lfalls",42700
"2019-05-17 00:00:00","lfalls",34400
"2019-05-18 00:00:00","lfalls",28100
"2019-05-19 00:00:00","lfalls",23300
"2019-05-20 00:00:00","lfalls",20200
"2019-05-21 00:00:00","lfalls",20900
"2019-05-22 00:00:00","lfalls",17700
"2019-05-23 00:00:00","lfalls",16000
"2019-05-24 00:00:00","lfalls",14900
"2019-05-25 00:00:00","lfalls",12900
"2019-05-26 00:00:00","lfalls",11800
"2019-05-27 00:00:00","lfalls",11800
"2019-05-28 00:00:00","lfalls",12800
"2019-05-29 00:00:00","lfalls",11600
"2019-05-30 00:00:00","lfalls",10900
"2019-05-31 00:00:00","lfalls",11100
"2019-06-01 00:00:00","lfalls",10600
"2019-06-02 00:00:00","lfalls",9920
"2019-06-03 00:00:00","lfalls",9880
"2019-06-04 00:00:00","lfalls",10200
"2019-06-05 00:00:00","lfalls",9360
"2019-06-06 00:00:00","lfalls",8510
"2019-06-07 00:00:00","lfalls",7790
"2019-06-08 00:00:00","lfalls",7230
"2019-06-09 00:00:00","lfalls",7120
"2019-06-10 00:00:00","lfalls",7120
"2019-06-11 00:00:00","lfalls",6990
"2019-06-12 00:00:00","lfalls",6810
"2019-06-13 00:00:00","lfalls",8460
"2019-06-14 00:00:00","lfalls",10600
"2019-06-15 00:00:00","lfalls",9820
"2019-06-16 00:00:00","lfalls",7740
"2019-06-17 00:00:00","lfalls",6900
"2019-06-18 00:00:00","lfalls",6730
"2019-06-19 00:00:00","lfalls",6360
"2019-06-20 00:00:00","lfalls",6420
"2019-06-21 00:00:00","lfalls",6220
"2019-06-22 00:00:00","lfalls",5880
"2019-06-23 00:00:00","lfalls",7010
"2019-06-24 00:00:00","lfalls",6220
"2019-06-25 00:00:00","lfalls",5960
"2019-06-26 00:00:00","lfalls",5720
"2019-06-27 00:00:00","lfalls",5840
"2019-06-28 00:00:00","lfalls",6570
"2019-06-29 00:00:00","lfalls",6220
"2019-06-30 00:00:00","lfalls",5970
"2019-07-01 00:00:00","lfalls",5580
"2019-07-02 00:00:00","lfalls",5510
"2019-07-03 00:00:00","lfalls",8650
"2019-07-04 00:00:00","lfalls",9820
"2019-07-05 00:00:00","lfalls",8580
"2019-07-06 00:00:00","lfalls",7050
"2019-07-07 00:00:00","lfalls",8970
"2019-07-08 00:00:00","lfalls",26800
"2019-07-09 00:00:00","lfalls",25200
"2019-07-10 00:00:00","lfalls",15600
"2019-07-11 00:00:00","lfalls",12500
"2019-07-12 00:00:00","lfalls",11300
"2019-07-13 00:00:00","lfalls",10200
"2019-07-14 00:00:00","lfalls",9840
"2019-07-15 00:00:00","lfalls",9260
"2019-07-16 00:00:00","lfalls",7830
"2019-07-17 00:00:00","lfalls",6640
"2019-07-18 00:00:00","lfalls",6420
"2019-07-19 00:00:00","lfalls",5850
"2019-07-20 00:00:00","lfalls",5580
"2019-07-21 00:00:00","lfalls",5550
"2019-07-22 00:00:00","lfalls",5680
"2019-07-23 00:00:00","lfalls",7190
"2019-07-24 00:00:00","lfalls",11500
"2019-07-25 00:00:00","lfalls",7760
"2019-07-26 00:00:00","lfalls",7360
"2019-07-27 00:00:00","lfalls",7260
"2019-07-28 00:00:00","lfalls",6070
"2019-07-29 00:00:00","lfalls",5100
"2019-07-30 00:00:00","lfalls",4610
"2019-07-31 00:00:00","lfalls",4180
"2019-08-01 00:00:00","lfalls",4040
"2019-08-02 00:00:00","lfalls",4130
"2019-08-03 00:00:00","lfalls",3890
"2019-08-04 00:00:00","lfalls",4750
"2019-08-05 00:00:00","lfalls",4420
"2019-08-06 00:00:00","lfalls",5180
"2019-08-07 00:00:00","lfalls",5940
"2019-08-08 00:00:00","lfalls",5650
"2019-08-09 00:00:00","lfalls",4140
"2019-08-10 00:00:00","lfalls",3710
"2019-08-11 00:00:00","lfalls",3300
"2019-08-12 00:00:00","lfalls",3070
"2019-08-13 00:00:00","lfalls",2920
"2019-08-14 00:00:00","lfalls",2920
"2019-08-15 00:00:00","lfalls",3230
"2019-08-16 00:00:00","lfalls",4040
"2019-08-17 00:00:00","lfalls",3620
"2019-08-18 00:00:00","lfalls",3450
"2019-08-19 00:00:00","lfalls",3470
"2019-08-20 00:00:00","lfalls",4200
"2019-08-21 00:00:00","lfalls",3950
"2019-08-22 00:00:00","lfalls",3570
"2019-08-23 00:00:00","lfalls",3490
"2019-08-24 00:00:00","lfalls",3630
"2019-08-25 00:00:00","lfalls",3740
"2019-08-26 00:00:00","lfalls",3490
"2019-08-27 00:00:00","lfalls",3110
"2019-08-28 00:00:00","lfalls",3430
"2019-08-29 00:00:00","lfalls",4080
"2019-08-30 00:00:00","lfalls",3440
"2019-08-31 00:00:00","lfalls",3050
"2019-09-01 00:00:00","lfalls",2700
"2019-09-02 00:00:00","lfalls",2590
"2019-09-03 00:00:00","lfalls",2550
"2019-09-04 00:00:00","lfalls",2610
"2019-09-05 00:00:00","lfalls",2850
"2019-09-06 00:00:00","lfalls",2900
"2019-09-07 00:00:00","lfalls",2580
"2019-09-08 00:00:00","lfalls",2390
"2019-09-09 00:00:00","lfalls",2220
"2019-09-10 00:00:00","lfalls",2110
"2019-09-11 00:00:00","lfalls",2060
"2019-09-12 00:00:00","lfalls",2010
"2019-09-13 00:00:00","lfalls",1970
"2019-09-14 00:00:00","lfalls",2040
"2019-09-15 00:00:00","lfalls",2080
"2019-09-16 00:00:00","lfalls",1940
"2019-09-17 00:00:00","lfalls",1810
"2019-09-18 00:00:00","lfalls",1920
"2019-09-19 00:00:00","lfalls",2110
"2019-09-20 00:00:00","lfalls",2210
"2019-09-21 00:00:00","lfalls",1840
"2019-09-22 00:00:00","lfalls",1760
"2019-09-23 00:00:00","lfalls",1630
"2019-09-24 00:00:00","lfalls",1670
"2019-09-25 00:00:00","lfalls",1670
"2019-09-26 00:00:00","lfalls",1690
"2019-09-27 00:00:00","lfalls",1640
"2019-09-28 00:00:00","lfalls",1600
"2019-09-29 00:00:00","lfalls",1570
"2019-09-30 00:00:00","lfalls",1530
"2019-10-01 00:00:00","lfalls",1750
"2019-10-02 00:00:00","lfalls",1720
"2019-10-03 00:00:00","lfalls",1880
"2019-10-04 00:00:00","lfalls",1960
"2019-10-05 00:00:00","lfalls",1690
"2019-10-06 00:00:00","lfalls",1690
"2019-10-07 00:00:00","lfalls",1670
"2019-10-08 00:00:00","lfalls",1710
"2019-10-09 00:00:00","lfalls",1840
"2019-10-10 00:00:00","lfalls",2000
"2019-10-11 00:00:00","lfalls",2080
"2019-10-12 00:00:00","lfalls",1980
"2019-10-13 00:00:00","lfalls",1990
"2019-10-14 00:00:00","lfalls",1900
"2019-10-15 00:00:00","lfalls",1970
"2019-10-16 00:00:00","lfalls",2470
"2019-10-17 00:00:00","lfalls",2830
"2019-10-18 00:00:00","lfalls",2350
"2019-10-19 00:00:00","lfalls",2260
"2019-10-20 00:00:00","lfalls",2830
"2019-10-21 00:00:00","lfalls",2940
"2019-10-22 00:00:00","lfalls",2550
"2019-10-23 00:00:00","lfalls",2810
"2019-10-24 00:00:00","lfalls",2620
"2019-10-25 00:00:00","lfalls",3010
"2019-10-26 00:00:00","lfalls",3010
"2019-10-27 00:00:00","lfalls",4120
"2019-10-28 00:00:00","lfalls",5120
"2019-10-29 00:00:00","lfalls",5520
"2019-10-30 00:00:00","lfalls",4400
"2019-10-31 00:00:00","lfalls",4830
"2019-11-01 00:00:00","lfalls",17900
"2019-11-02 00:00:00","lfalls",16200
"2019-11-03 00:00:00","lfalls",9900
"2019-11-04 00:00:00","lfalls",9190
"2019-11-05 00:00:00","lfalls",8300
"2019-11-06 00:00:00","lfalls",6430
"2019-11-07 00:00:00","lfalls",5340
"2019-11-08 00:00:00","lfalls",4660
"2019-11-09 00:00:00","lfalls",4190
"2019-11-10 00:00:00","lfalls",3840
"2019-11-11 00:00:00","lfalls",3560
"2019-11-12 00:00:00","lfalls",3490
"2019-11-13 00:00:00","lfalls",3290
"2019-11-14 00:00:00","lfalls",3170
"2019-11-15 00:00:00","lfalls",3050
"2019-11-16 00:00:00","lfalls",3030
"2019-11-17 00:00:00","lfalls",2880
"2019-11-18 00:00:00","lfalls",2700
"2019-11-19 00:00:00","lfalls",2770
"2019-11-20 00:00:00","lfalls",2650
"2019-01-01 00:00:00","seneca",514
"2019-01-02 00:00:00","seneca",387
"2019-01-03 00:00:00","seneca",303
"2019-01-04 00:00:00","seneca",217
"2019-01-05 00:00:00","seneca",235
"2019-01-06 00:00:00","seneca",204
"2019-01-07 00:00:00","seneca",182
"2019-01-08 00:00:00","seneca",191
"2019-01-09 00:00:00","seneca",241
"2019-01-10 00:00:00","seneca",207
"2019-01-11 00:00:00","seneca",189
"2019-01-12 00:00:00","seneca",186
"2019-01-13 00:00:00","seneca",209
"2019-01-14 00:00:00","seneca",243
"2019-01-15 00:00:00","seneca",251
"2019-01-16 00:00:00","seneca",241
"2019-01-17 00:00:00","seneca",237
"2019-01-18 00:00:00","seneca",228
"2019-01-19 00:00:00","seneca",252
"2019-01-20 00:00:00","seneca",1080
"2019-01-21 00:00:00","seneca",433
"2019-01-22 00:00:00","seneca",352
"2019-01-23 00:00:00","seneca",336
"2019-01-24 00:00:00","seneca",989
"2019-01-25 00:00:00","seneca",551
"2019-01-26 00:00:00","seneca",422
"2019-01-27 00:00:00","seneca",394
"2019-01-28 00:00:00","seneca",333
"2019-01-29 00:00:00","seneca",291
"2019-01-30 00:00:00","seneca",243
"2019-01-31 00:00:00","seneca",178
"2019-02-01 00:00:00","seneca",163
"2019-02-02 00:00:00","seneca",164
"2019-02-03 00:00:00","seneca",196
"2019-02-04 00:00:00","seneca",230
"2019-02-05 00:00:00","seneca",247
"2019-02-06 00:00:00","seneca",233
"2019-02-07 00:00:00","seneca",251
"2019-02-08 00:00:00","seneca",229
"2019-02-09 00:00:00","seneca",195
"2019-02-10 00:00:00","seneca",138
"2019-02-11 00:00:00","seneca",294
"2019-02-12 00:00:00","seneca",679
"2019-02-13 00:00:00","seneca",605
"2019-02-14 00:00:00","seneca",432
"2019-02-15 00:00:00","seneca",328
"2019-02-16 00:00:00","seneca",249
"2019-02-17 00:00:00","seneca",232
"2019-02-18 00:00:00","seneca",315
"2019-02-19 00:00:00","seneca",238
"2019-02-20 00:00:00","seneca",254
"2019-02-21 00:00:00","seneca",365
"2019-02-22 00:00:00","seneca",343
"2019-02-23 00:00:00","seneca",251
"2019-02-24 00:00:00","seneca",587
"2019-02-25 00:00:00","seneca",327
"2019-02-26 00:00:00","seneca",250
"2019-02-27 00:00:00","seneca",221
"2019-02-28 00:00:00","seneca",206
"2019-03-01 00:00:00","seneca",222
"2019-03-02 00:00:00","seneca",419
"2019-03-03 00:00:00","seneca",322
"2019-03-04 00:00:00","seneca",513
"2019-03-05 00:00:00","seneca",289
"2019-03-06 00:00:00","seneca",236
"2019-03-07 00:00:00","seneca",209
"2019-03-08 00:00:00","seneca",205
"2019-03-09 00:00:00","seneca",213
"2019-03-10 00:00:00","seneca",404
"2019-03-11 00:00:00","seneca",264
"2019-03-12 00:00:00","seneca",240
"2019-03-13 00:00:00","seneca",234
"2019-03-14 00:00:00","seneca",229
"2019-03-15 00:00:00","seneca",227
"2019-03-16 00:00:00","seneca",216
"2019-03-17 00:00:00","seneca",202
"2019-03-18 00:00:00","seneca",195
"2019-03-19 00:00:00","seneca",186
"2019-03-20 00:00:00","seneca",198
"2019-03-21 00:00:00","seneca",1330
"2019-03-22 00:00:00","seneca",1610
"2019-03-23 00:00:00","seneca",600
"2019-03-24 00:00:00","seneca",441
"2019-03-25 00:00:00","seneca",381
"2019-03-26 00:00:00","seneca",344
"2019-03-27 00:00:00","seneca",320
"2019-03-28 00:00:00","seneca",308
"2019-03-29 00:00:00","seneca",274
"2019-03-30 00:00:00","seneca",258
"2019-03-31 00:00:00","seneca",269
"2019-04-01 00:00:00","seneca",233
"2019-04-02 00:00:00","seneca",207
"2019-04-03 00:00:00","seneca",209
"2019-04-04 00:00:00","seneca",200
"2019-04-05 00:00:00","seneca",218
"2019-04-06 00:00:00","seneca",244
"2019-04-07 00:00:00","seneca",207
"2019-04-08 00:00:00","seneca",168
"2019-04-09 00:00:00","seneca",170
"2019-04-10 00:00:00","seneca",172
"2019-04-11 00:00:00","seneca",178
"2019-04-12 00:00:00","seneca",191
"2019-04-13 00:00:00","seneca",282
"2019-04-14 00:00:00","seneca",218
"2019-04-15 00:00:00","seneca",236
"2019-04-16 00:00:00","seneca",195
"2019-04-17 00:00:00","seneca",188
"2019-04-18 00:00:00","seneca",220
"2019-04-19 00:00:00","seneca",244
"2019-04-20 00:00:00","seneca",290
"2019-04-21 00:00:00","seneca",204
"2019-04-22 00:00:00","seneca",186
"2019-04-23 00:00:00","seneca",174
"2019-04-24 00:00:00","seneca",167
"2019-04-25 00:00:00","seneca",160
"2019-04-26 00:00:00","seneca",284
"2019-04-27 00:00:00","seneca",272
"2019-04-28 00:00:00","seneca",193
"2019-04-29 00:00:00","seneca",171
"2019-04-30 00:00:00","seneca",168
"2019-05-01 00:00:00","seneca",194
"2019-05-02 00:00:00","seneca",239
"2019-05-03 00:00:00","seneca",240
"2019-05-04 00:00:00","seneca",252
"2019-05-05 00:00:00","seneca",707
"2019-05-06 00:00:00","seneca",575
"2019-05-07 00:00:00","seneca",339
"2019-05-08 00:00:00","seneca",275
"2019-05-09 00:00:00","seneca",242
"2019-05-10 00:00:00","seneca",393
"2019-05-11 00:00:00","seneca",693
"2019-05-12 00:00:00","seneca",794
"2019-05-13 00:00:00","seneca",754
"2019-05-14 00:00:00","seneca",526
"2019-05-15 00:00:00","seneca",391
"2019-05-16 00:00:00","seneca",330
"2019-05-17 00:00:00","seneca",285
"2019-05-18 00:00:00","seneca",255
"2019-05-19 00:00:00","seneca",241
"2019-05-20 00:00:00","seneca",226
"2019-05-21 00:00:00","seneca",206
"2019-05-22 00:00:00","seneca",152
"2019-05-23 00:00:00","seneca",187
"2019-05-24 00:00:00","seneca",283
"2019-05-25 00:00:00","seneca",237
"2019-05-26 00:00:00","seneca",132
"2019-05-27 00:00:00","seneca",131
"2019-05-28 00:00:00","seneca",132
"2019-05-29 00:00:00","seneca",116
"2019-05-30 00:00:00","seneca",134
"2019-05-31 00:00:00","seneca",168
"2019-06-01 00:00:00","seneca",148
"2019-06-02 00:00:00","seneca",206
"2019-06-03 00:00:00","seneca",302
"2019-06-04 00:00:00","seneca",146
"2019-06-05 00:00:00","seneca",113
"2019-06-06 00:00:00","seneca",116
"2019-06-07 00:00:00","seneca",105
"2019-06-08 00:00:00","seneca",101
"2019-06-09 00:00:00","seneca",97.9
"2019-06-10 00:00:00","seneca",102
"2019-06-11 00:00:00","seneca",107
"2019-06-12 00:00:00","seneca",116
"2019-06-13 00:00:00","seneca",267
"2019-06-14 00:00:00","seneca",223
"2019-06-15 00:00:00","seneca",155
"2019-06-16 00:00:00","seneca",141
"2019-06-17 00:00:00","seneca",125
"2019-06-18 00:00:00","seneca",127
"2019-06-19 00:00:00","seneca",120
"2019-06-20 00:00:00","seneca",501
"2019-06-21 00:00:00","seneca",243
"2019-06-22 00:00:00","seneca",176
"2019-06-23 00:00:00","seneca",131
"2019-06-24 00:00:00","seneca",101
"2019-06-25 00:00:00","seneca",146
"2019-06-26 00:00:00","seneca",96.6
"2019-06-27 00:00:00","seneca",87.8
"2019-06-28 00:00:00","seneca",85.3
"2019-06-29 00:00:00","seneca",83.2
"2019-06-30 00:00:00","seneca",106
"2019-07-01 00:00:00","seneca",110
"2019-07-02 00:00:00","seneca",131
"2019-07-03 00:00:00","seneca",237
"2019-07-04 00:00:00","seneca",273
"2019-07-05 00:00:00","seneca",191
"2019-07-06 00:00:00","seneca",247
"2019-07-07 00:00:00","seneca",275
"2019-07-08 00:00:00","seneca",2620
"2019-07-09 00:00:00","seneca",725
"2019-07-10 00:00:00","seneca",343
"2019-07-11 00:00:00","seneca",229
"2019-07-12 00:00:00","seneca",199
"2019-07-13 00:00:00","seneca",147
"2019-07-14 00:00:00","seneca",109
"2019-07-15 00:00:00","seneca",103
"2019-07-16 00:00:00","seneca",99.5
"2019-07-17 00:00:00","seneca",111
"2019-07-18 00:00:00","seneca",122
"2019-07-19 00:00:00","seneca",96.8
"2019-07-20 00:00:00","seneca",94.1
"2019-07-21 00:00:00","seneca",91.8
"2019-07-22 00:00:00","seneca",90
"2019-07-23 00:00:00","seneca",206
"2019-07-24 00:00:00","seneca",104
"2019-07-25 00:00:00","seneca",92.9
"2019-07-26 00:00:00","seneca",89.2
"2019-07-27 00:00:00","seneca",96.4
"2019-07-28 00:00:00","seneca",112
"2019-07-29 00:00:00","seneca",83.8
"2019-07-30 00:00:00","seneca",70.4
"2019-07-31 00:00:00","seneca",69.4
"2019-08-01 00:00:00","seneca",69
"2019-08-02 00:00:00","seneca",66.5
"2019-08-03 00:00:00","seneca",68.5
"2019-08-04 00:00:00","seneca",413
"2019-08-05 00:00:00","seneca",107
"2019-08-06 00:00:00","seneca",151
"2019-08-07 00:00:00","seneca",606
"2019-08-08 00:00:00","seneca",405
"2019-08-09 00:00:00","seneca",166
"2019-08-10 00:00:00","seneca",119
"2019-08-11 00:00:00","seneca",107
"2019-08-12 00:00:00","seneca",92.9
"2019-08-13 00:00:00","seneca",82.8
"2019-08-14 00:00:00","seneca",86.8
"2019-08-15 00:00:00","seneca",85.4
"2019-08-16 00:00:00","seneca",88.9
"2019-08-17 00:00:00","seneca",81.4
"2019-08-18 00:00:00","seneca",79
"2019-08-19 00:00:00","seneca",116
"2019-08-20 00:00:00","seneca",96
"2019-08-21 00:00:00","seneca",121
"2019-08-22 00:00:00","seneca",219
"2019-08-23 00:00:00","seneca",438
"2019-08-24 00:00:00","seneca",185
"2019-08-25 00:00:00","seneca",115
"2019-08-26 00:00:00","seneca",106
"2019-08-27 00:00:00","seneca",84.2
"2019-08-28 00:00:00","seneca",99.5
"2019-08-29 00:00:00","seneca",103
"2019-08-30 00:00:00","seneca",76.8
"2019-08-31 00:00:00","seneca",71.3
"2019-09-01 00:00:00","seneca",68.3
"2019-09-02 00:00:00","seneca",73.4
"2019-09-03 00:00:00","seneca",69.5
"2019-09-04 00:00:00","seneca",65.9
"2019-09-05 00:00:00","seneca",63.7
"2019-09-06 00:00:00","seneca",62.2
"2019-09-07 00:00:00","seneca",61
"2019-09-08 00:00:00","seneca",60.6
"2019-09-09 00:00:00","seneca",60.3
"2019-09-10 00:00:00","seneca",62.4
"2019-09-11 00:00:00","seneca",57.9
"2019-09-12 00:00:00","seneca",67.8
"2019-09-13 00:00:00","seneca",61.9
"2019-09-14 00:00:00","seneca",58.8
"2019-09-15 00:00:00","seneca",59.1
"2019-09-16 00:00:00","seneca",55.8
"2019-09-17 00:00:00","seneca",54.2
"2019-09-18 00:00:00","seneca",53.3
"2019-09-19 00:00:00","seneca",52.1
"2019-09-20 00:00:00","seneca",51.8
"2019-09-21 00:00:00","seneca",52.3
"2019-09-22 00:00:00","seneca",52.6
"2019-09-23 00:00:00","seneca",51.6
"2019-09-24 00:00:00","seneca",50.2
"2019-09-25 00:00:00","seneca",49.3
"2019-09-26 00:00:00","seneca",49.2
"2019-09-27 00:00:00","seneca",49.3
"2019-09-28 00:00:00","seneca",49.8
"2019-09-29 00:00:00","seneca",50.2
"2019-09-30 00:00:00","seneca",53.7
"2019-10-01 00:00:00","seneca",56.9
"2019-10-02 00:00:00","seneca",52.5
"2019-10-03 00:00:00","seneca",50
"2019-10-04 00:00:00","seneca",50.7
"2019-10-05 00:00:00","seneca",56.5
"2019-10-06 00:00:00","seneca",58.1
"2019-10-07 00:00:00","seneca",57
"2019-10-08 00:00:00","seneca",58.9
"2019-10-09 00:00:00","seneca",60.1
"2019-10-10 00:00:00","seneca",55.5
"2019-10-11 00:00:00","seneca",54.7
"2019-10-12 00:00:00","seneca",56.2
"2019-10-13 00:00:00","seneca",56.6
"2019-10-14 00:00:00","seneca",53.7
"2019-10-15 00:00:00","seneca",46.5
"2019-10-16 00:00:00","seneca",158
"2019-10-17 00:00:00","seneca",126
"2019-10-18 00:00:00","seneca",66.2
"2019-10-19 00:00:00","seneca",58.6
"2019-10-20 00:00:00","seneca",102
"2019-10-21 00:00:00","seneca",105
"2019-10-22 00:00:00","seneca",90
"2019-10-23 00:00:00","seneca",113
"2019-10-24 00:00:00","seneca",72.8
"2019-10-25 00:00:00","seneca",65.6
"2019-10-26 00:00:00","seneca",63.6
"2019-10-27 00:00:00","seneca",312
"2019-10-28 00:00:00","seneca",185
"2019-10-29 00:00:00","seneca",104
"2019-10-30 00:00:00","seneca",88.3
"2019-10-31 00:00:00","seneca",539
"2019-11-01 00:00:00","seneca",1940
"2019-11-02 00:00:00","seneca",401
"2019-11-03 00:00:00","seneca",215
"2019-11-04 00:00:00","seneca",129
"2019-11-05 00:00:00","seneca",105
"2019-11-06 00:00:00","seneca",96.8
"2019-11-07 00:00:00","seneca",88
"2019-11-08 00:00:00","seneca",89.2
"2019-11-09 00:00:00","seneca",81.3
"2019-11-10 00:00:00","seneca",79.2
"2019-11-11 00:00:00","seneca",77.9
"2019-11-12 00:00:00","seneca",82.6
"2019-11-13 00:00:00","seneca",78
"2019-11-14 00:00:00","seneca",73.9
"2019-11-15 00:00:00","seneca",73
"2019-11-16 00:00:00","seneca",73
"2019-11-17 00:00:00","seneca",71.7
"2019-11-18 00:00:00","seneca",68.6
"2019-11-19 00:00:00","seneca",74.1
"2019-11-20 00:00:00","seneca",66.8
"2019-01-01 00:00:00","goose",1400
"2019-01-02 00:00:00","goose",983
"2019-01-03 00:00:00","goose",881
"2019-01-04 00:00:00","goose",804
"2019-01-05 00:00:00","goose",889
"2019-01-06 00:00:00","goose",801
"2019-01-07 00:00:00","goose",689
"2019-01-08 00:00:00","goose",658
"2019-01-09 00:00:00","goose",674
"2019-01-10 00:00:00","goose",589
"2019-01-11 00:00:00","goose",531
"2019-01-12 00:00:00","goose",512
"2019-01-13 00:00:00","goose",558
"2019-01-14 00:00:00","goose",554
"2019-01-15 00:00:00","goose",508
"2019-01-16 00:00:00","goose",490
"2019-01-17 00:00:00","goose",487
"2019-01-18 00:00:00","goose",498
"2019-01-19 00:00:00","goose",588
"2019-01-20 00:00:00","goose",2940
"2019-01-21 00:00:00","goose",1420
"2019-01-22 00:00:00","goose",1090
"2019-01-23 00:00:00","goose",912
"2019-01-24 00:00:00","goose",2390
"2019-01-25 00:00:00","goose",2080
"2019-01-26 00:00:00","goose",1330
"2019-01-27 00:00:00","goose",1120
"2019-01-28 00:00:00","goose",981
"2019-01-29 00:00:00","goose",879
"2019-01-30 00:00:00","goose",798
"2019-01-31 00:00:00","goose",704
"2019-02-01 00:00:00","goose",678
"2019-02-02 00:00:00","goose",672
"2019-02-03 00:00:00","goose",638
"2019-02-04 00:00:00","goose",637
"2019-02-05 00:00:00","goose",620
"2019-02-06 00:00:00","goose",587
"2019-02-07 00:00:00","goose",586
"2019-02-08 00:00:00","goose",543
"2019-02-09 00:00:00","goose",485
"2019-02-10 00:00:00","goose",448
"2019-02-11 00:00:00","goose",546
"2019-02-12 00:00:00","goose",1750
"2019-02-13 00:00:00","goose",1850
"2019-02-14 00:00:00","goose",1140
"2019-02-15 00:00:00","goose",979
"2019-02-16 00:00:00","goose",850
"2019-02-17 00:00:00","goose",749
"2019-02-18 00:00:00","goose",866
"2019-02-19 00:00:00","goose",721
"2019-02-20 00:00:00","goose",701
"2019-02-21 00:00:00","goose",849
"2019-02-22 00:00:00","goose",1440
"2019-02-23 00:00:00","goose",1260
"2019-02-24 00:00:00","goose",2580
"2019-02-25 00:00:00","goose",1840
"2019-02-26 00:00:00","goose",1280
"2019-02-27 00:00:00","goose",1090
"2019-02-28 00:00:00","goose",958
"2019-03-01 00:00:00","goose",911
"2019-03-02 00:00:00","goose",1670
"2019-03-03 00:00:00","goose",1250
"2019-03-04 00:00:00","goose",1720
"2019-03-05 00:00:00","goose",1190
"2019-03-06 00:00:00","goose",994
"2019-03-07 00:00:00","goose",886
"2019-03-08 00:00:00","goose",836
"2019-03-09 00:00:00","goose",820
"2019-03-10 00:00:00","goose",1040
"2019-03-11 00:00:00","goose",881
"2019-03-12 00:00:00","goose",754
"2019-03-13 00:00:00","goose",692
"2019-03-14 00:00:00","goose",666
"2019-03-15 00:00:00","goose",641
"2019-03-16 00:00:00","goose",606
"2019-03-17 00:00:00","goose",552
"2019-03-18 00:00:00","goose",529
"2019-03-19 00:00:00","goose",509
"2019-03-20 00:00:00","goose",489
"2019-03-21 00:00:00","goose",2890
"2019-03-22 00:00:00","goose",7110
"2019-03-23 00:00:00","goose",2350
"2019-03-24 00:00:00","goose",1480
"2019-03-25 00:00:00","goose",1180
"2019-03-26 00:00:00","goose",998
"2019-03-27 00:00:00","goose",852
"2019-03-28 00:00:00","goose",771
"2019-03-29 00:00:00","goose",723
"2019-03-30 00:00:00","goose",682
"2019-03-31 00:00:00","goose",634
"2019-04-01 00:00:00","goose",573
"2019-04-02 00:00:00","goose",543
"2019-04-03 00:00:00","goose",527
"2019-04-04 00:00:00","goose",488
"2019-04-05 00:00:00","goose",525
"2019-04-06 00:00:00","goose",594
"2019-04-07 00:00:00","goose",495
"2019-04-08 00:00:00","goose",475
"2019-04-09 00:00:00","goose",462
"2019-04-10 00:00:00","goose",429
"2019-04-11 00:00:00","goose",402
"2019-04-12 00:00:00","goose",399
"2019-04-13 00:00:00","goose",702
"2019-04-14 00:00:00","goose",595
"2019-04-15 00:00:00","goose",2650
"2019-04-16 00:00:00","goose",1160
"2019-04-17 00:00:00","goose",809
"2019-04-18 00:00:00","goose",644
"2019-04-19 00:00:00","goose",912
"2019-04-20 00:00:00","goose",1580
"2019-04-21 00:00:00","goose",737
"2019-04-22 00:00:00","goose",608
"2019-04-23 00:00:00","goose",533
"2019-04-24 00:00:00","goose",486
"2019-04-25 00:00:00","goose",446
"2019-04-26 00:00:00","goose",490
"2019-04-27 00:00:00","goose",470
"2019-04-28 00:00:00","goose",404
"2019-04-29 00:00:00","goose",373
"2019-04-30 00:00:00","goose",344
"2019-05-01 00:00:00","goose",329
"2019-05-02 00:00:00","goose",344
"2019-05-03 00:00:00","goose",347
"2019-05-04 00:00:00","goose",527
"2019-05-05 00:00:00","goose",2380
"2019-05-06 00:00:00","goose",1920
"2019-05-07 00:00:00","goose",898
"2019-05-08 00:00:00","goose",684
"2019-05-09 00:00:00","goose",586
"2019-05-10 00:00:00","goose",572
"2019-05-11 00:00:00","goose",783
"2019-05-12 00:00:00","goose",978
"2019-05-13 00:00:00","goose",1850
"2019-05-14 00:00:00","goose",1490
"2019-05-15 00:00:00","goose",934
"2019-05-16 00:00:00","goose",738
"2019-05-17 00:00:00","goose",623
"2019-05-18 00:00:00","goose",538
"2019-05-19 00:00:00","goose",487
"2019-05-20 00:00:00","goose",438
"2019-05-21 00:00:00","goose",385
"2019-05-22 00:00:00","goose",349
"2019-05-23 00:00:00","goose",336
"2019-05-24 00:00:00","goose",342
"2019-05-25 00:00:00","goose",294
"2019-05-26 00:00:00","goose",304
"2019-05-27 00:00:00","goose",282
"2019-05-28 00:00:00","goose",335
"2019-05-29 00:00:00","goose",297
"2019-05-30 00:00:00","goose",254
"2019-05-31 00:00:00","goose",333
"2019-06-01 00:00:00","goose",245
"2019-06-02 00:00:00","goose",234
"2019-06-03 00:00:00","goose",261
"2019-06-04 00:00:00","goose",219
"2019-06-05 00:00:00","goose",204
"2019-06-06 00:00:00","goose",194
"2019-06-07 00:00:00","goose",186
"2019-06-08 00:00:00","goose",178
"2019-06-09 00:00:00","goose",176
"2019-06-10 00:00:00","goose",234
"2019-06-11 00:00:00","goose",247
"2019-06-12 00:00:00","goose",204
"2019-06-13 00:00:00","goose",329
"2019-06-14 00:00:00","goose",333
"2019-06-15 00:00:00","goose",213
"2019-06-16 00:00:00","goose",187
"2019-06-17 00:00:00","goose",181
"2019-06-18 00:00:00","goose",240
"2019-06-19 00:00:00","goose",207
"2019-06-20 00:00:00","goose",170
"2019-06-21 00:00:00","goose",149
"2019-06-22 00:00:00","goose",136
"2019-06-23 00:00:00","goose",129
"2019-06-24 00:00:00","goose",124
"2019-06-25 00:00:00","goose",172
"2019-06-26 00:00:00","goose",169
"2019-06-27 00:00:00","goose",134
"2019-06-28 00:00:00","goose",163
"2019-06-29 00:00:00","goose",125
"2019-06-30 00:00:00","goose",126
"2019-07-01 00:00:00","goose",111
"2019-07-02 00:00:00","goose",98.8
"2019-07-03 00:00:00","goose",121
"2019-07-04 00:00:00","goose",139
"2019-07-05 00:00:00","goose",121
"2019-07-06 00:00:00","goose",117
"2019-07-07 00:00:00","goose",118
"2019-07-08 00:00:00","goose",149
"2019-07-09 00:00:00","goose",149
"2019-07-10 00:00:00","goose",116
"2019-07-11 00:00:00","goose",110
"2019-07-12 00:00:00","goose",229
"2019-07-13 00:00:00","goose",143
"2019-07-14 00:00:00","goose",103
"2019-07-15 00:00:00","goose",85.5
"2019-07-16 00:00:00","goose",76.2
"2019-07-17 00:00:00","goose",72.7
"2019-07-18 00:00:00","goose",103
"2019-07-19 00:00:00","goose",84.9
"2019-07-20 00:00:00","goose",67.8
"2019-07-21 00:00:00","goose",79.5
"2019-07-22 00:00:00","goose",159
"2019-07-23 00:00:00","goose",145
"2019-07-24 00:00:00","goose",133
"2019-07-25 00:00:00","goose",86
"2019-07-26 00:00:00","goose",66.3
"2019-07-27 00:00:00","goose",57.2
"2019-07-28 00:00:00","goose",52.4
"2019-07-29 00:00:00","goose",47
"2019-07-30 00:00:00","goose",41.2
"2019-07-31 00:00:00","goose",38.3
"2019-08-01 00:00:00","goose",54.5
"2019-08-02 00:00:00","goose",44.8
"2019-08-03 00:00:00","goose",39.1
"2019-08-04 00:00:00","goose",35.7
"2019-08-05 00:00:00","goose",32.4
"2019-08-06 00:00:00","goose",29.6
"2019-08-07 00:00:00","goose",27.7
"2019-08-08 00:00:00","goose",39.7
"2019-08-09 00:00:00","goose",51.1
"2019-08-10 00:00:00","goose",33.2
"2019-08-11 00:00:00","goose",29.5
"2019-08-12 00:00:00","goose",31.6
"2019-08-13 00:00:00","goose",30.1
"2019-08-14 00:00:00","goose",33.9
"2019-08-15 00:00:00","goose",124
"2019-08-16 00:00:00","goose",217
"2019-08-17 00:00:00","goose",82.2
"2019-08-18 00:00:00","goose",55
"2019-08-19 00:00:00","goose",46.7
"2019-08-20 00:00:00","goose",71.1
"2019-08-21 00:00:00","goose",86.9
"2019-08-22 00:00:00","goose",49.1
"2019-08-23 00:00:00","goose",42.4
"2019-08-24 00:00:00","goose",45.5
"2019-08-25 00:00:00","goose",40.4
"2019-08-26 00:00:00","goose",34.9
"2019-08-27 00:00:00","goose",29.9
"2019-08-28 00:00:00","goose",32.4
"2019-08-29 00:00:00","goose",57.3
"2019-08-30 00:00:00","goose",35.9
"2019-08-31 00:00:00","goose",27.2
"2019-09-01 00:00:00","goose",23.4
"2019-09-02 00:00:00","goose",30
"2019-09-03 00:00:00","goose",164
"2019-09-04 00:00:00","goose",62.6
"2019-09-05 00:00:00","goose",40.4
"2019-09-06 00:00:00","goose",29.9
"2019-09-07 00:00:00","goose",25
"2019-09-08 00:00:00","goose",22.5
"2019-09-09 00:00:00","goose",20.8
"2019-09-10 00:00:00","goose",19.8
"2019-09-11 00:00:00","goose",18.8
"2019-09-12 00:00:00","goose",24.2
"2019-09-13 00:00:00","goose",27.3
"2019-09-14 00:00:00","goose",23
"2019-09-15 00:00:00","goose",25
"2019-09-16 00:00:00","goose",23.4
"2019-09-17 00:00:00","goose",21.7
"2019-09-18 00:00:00","goose",19.4
"2019-09-19 00:00:00","goose",17.1
"2019-09-20 00:00:00","goose",15.6
"2019-09-21 00:00:00","goose",14.4
"2019-09-22 00:00:00","goose",14.6
"2019-09-23 00:00:00","goose",14.7
"2019-09-24 00:00:00","goose",13.2
"2019-09-25 00:00:00","goose",11.9
"2019-09-26 00:00:00","goose",11
"2019-09-27 00:00:00","goose",10.5
"2019-09-28 00:00:00","goose",9.92
"2019-09-29 00:00:00","goose",10.3
"2019-09-30 00:00:00","goose",11.6
"2019-10-01 00:00:00","goose",14.8
"2019-10-02 00:00:00","goose",16.8
"2019-10-03 00:00:00","goose",15.8
"2019-10-04 00:00:00","goose",15.9
"2019-10-05 00:00:00","goose",17.2
"2019-10-06 00:00:00","goose",18.4
"2019-10-07 00:00:00","goose",20.4
"2019-10-08 00:00:00","goose",24.8
"2019-10-09 00:00:00","goose",24.6
"2019-10-10 00:00:00","goose",22.5
"2019-10-11 00:00:00","goose",21.1
"2019-10-12 00:00:00","goose",20
"2019-10-13 00:00:00","goose",20
"2019-10-14 00:00:00","goose",20.7
"2019-10-15 00:00:00","goose",18.9
"2019-10-16 00:00:00","goose",29.9
"2019-10-17 00:00:00","goose",58.8
"2019-10-18 00:00:00","goose",35.5
"2019-10-19 00:00:00","goose",23.3
"2019-10-20 00:00:00","goose",40.6
"2019-10-21 00:00:00","goose",44.6
"2019-10-22 00:00:00","goose",41.3
"2019-10-23 00:00:00","goose",60.5
"2019-10-24 00:00:00","goose",50.8
"2019-10-25 00:00:00","goose",49.1
"2019-10-26 00:00:00","goose",37.3
"2019-10-27 00:00:00","goose",93
"2019-10-28 00:00:00","goose",166
"2019-10-29 00:00:00","goose",86.1
"2019-10-30 00:00:00","goose",52.8
"2019-10-31 00:00:00","goose",146
"2019-11-01 00:00:00","goose",1220
"2019-11-02 00:00:00","goose",271
"2019-11-03 00:00:00","goose",152
"2019-11-04 00:00:00","goose",108
"2019-11-05 00:00:00","goose",85.3
"2019-11-06 00:00:00","goose",73.1
"2019-11-07 00:00:00","goose",64.6
"2019-11-08 00:00:00","goose",63.1
"2019-11-09 00:00:00","goose",58.9
"2019-11-10 00:00:00","goose",56.6
"2019-11-11 00:00:00","goose",53.4
"2019-11-12 00:00:00","goose",54.6
"2019-11-13 00:00:00","goose",54
"2019-11-14 00:00:00","goose",49.8
"2019-11-15 00:00:00","goose",47.8
"2019-11-16 00:00:00","goose",46.3
"2019-11-17 00:00:00","goose",46.1
"2019-11-18 00:00:00","goose",44.3
"2019-11-19 00:00:00","goose",45.3
"2019-11-20 00:00:00","goose",46.1
"2019-01-01 00:00:00","mon_jug",7370
"2019-01-02 00:00:00","mon_jug",3600
"2019-01-03 00:00:00","mon_jug",2750
"2019-01-04 00:00:00","mon_jug",2370
"2019-01-05 00:00:00","mon_jug",2390
"2019-01-06 00:00:00","mon_jug",2540
"2019-01-07 00:00:00","mon_jug",2000
"2019-01-08 00:00:00","mon_jug",1820
"2019-01-09 00:00:00","mon_jug",1960
"2019-01-10 00:00:00","mon_jug",1800
"2019-01-11 00:00:00","mon_jug",1500
"2019-01-12 00:00:00","mon_jug",1350
"2019-01-13 00:00:00","mon_jug",1360
"2019-01-14 00:00:00","mon_jug",1360
"2019-01-15 00:00:00","mon_jug",1270
"2019-01-16 00:00:00","mon_jug",1200
"2019-01-17 00:00:00","mon_jug",1200
"2019-01-18 00:00:00","mon_jug",1190
"2019-01-19 00:00:00","mon_jug",1270
"2019-01-20 00:00:00","mon_jug",7930
"2019-01-21 00:00:00","mon_jug",5150
"2019-01-22 00:00:00","mon_jug",2060
"2019-01-23 00:00:00","mon_jug",1870
"2019-01-24 00:00:00","mon_jug",5370
"2019-01-25 00:00:00","mon_jug",9450
"2019-01-26 00:00:00","mon_jug",3350
"2019-01-27 00:00:00","mon_jug",2570
"2019-01-28 00:00:00","mon_jug",2250
"2019-01-29 00:00:00","mon_jug",1980
"2019-01-30 00:00:00","mon_jug",1800
"2019-01-31 00:00:00","mon_jug",1280
"2019-02-01 00:00:00","mon_jug",1170
"2019-02-02 00:00:00","mon_jug",1170
"2019-02-03 00:00:00","mon_jug",1200
"2019-02-04 00:00:00","mon_jug",1310
"2019-02-05 00:00:00","mon_jug",1530
"2019-02-06 00:00:00","mon_jug",1720
"2019-02-07 00:00:00","mon_jug",1930
"2019-02-08 00:00:00","mon_jug",2000
"2019-02-09 00:00:00","mon_jug",1940
"2019-02-10 00:00:00","mon_jug",1340
"2019-02-11 00:00:00","mon_jug",1320
"2019-02-12 00:00:00","mon_jug",2200
"2019-02-13 00:00:00","mon_jug",5210
"2019-02-14 00:00:00","mon_jug",3620
"2019-02-15 00:00:00","mon_jug",2780
"2019-02-16 00:00:00","mon_jug",3770
"2019-02-17 00:00:00","mon_jug",2350
"2019-02-18 00:00:00","mon_jug",2190
"2019-02-19 00:00:00","mon_jug",1930
"2019-02-20 00:00:00","mon_jug",1690
"2019-02-21 00:00:00","mon_jug",1950
"2019-02-22 00:00:00","mon_jug",3470
"2019-02-23 00:00:00","mon_jug",3020
"2019-02-24 00:00:00","mon_jug",4170
"2019-02-25 00:00:00","mon_jug",4460
"2019-02-26 00:00:00","mon_jug",2450
"2019-02-27 00:00:00","mon_jug",2060
"2019-02-28 00:00:00","mon_jug",1870
"2019-03-01 00:00:00","mon_jug",1740
"2019-03-02 00:00:00","mon_jug",1970
"2019-03-03 00:00:00","mon_jug",2360
"2019-03-04 00:00:00","mon_jug",2440
"2019-03-05 00:00:00","mon_jug",2420
"2019-03-06 00:00:00","mon_jug",1870
"2019-03-07 00:00:00","mon_jug",1550
"2019-03-08 00:00:00","mon_jug",1480
"2019-03-09 00:00:00","mon_jug",1440
"2019-03-10 00:00:00","mon_jug",5290
"2019-03-11 00:00:00","mon_jug",4850
"2019-03-12 00:00:00","mon_jug",2680
"2019-03-13 00:00:00","mon_jug",2130
"2019-03-14 00:00:00","mon_jug",1910
"2019-03-15 00:00:00","mon_jug",1790
"2019-03-16 00:00:00","mon_jug",1670
"2019-03-17 00:00:00","mon_jug",1500
"2019-03-18 00:00:00","mon_jug",1380
"2019-03-19 00:00:00","mon_jug",1290
"2019-03-20 00:00:00","mon_jug",1210
"2019-03-21 00:00:00","mon_jug",3480
"2019-03-22 00:00:00","mon_jug",16600
"2019-03-23 00:00:00","mon_jug",5050
"2019-03-24 00:00:00","mon_jug",3030
"2019-03-25 00:00:00","mon_jug",2520
"2019-03-26 00:00:00","mon_jug",2550
"2019-03-27 00:00:00","mon_jug",2090
"2019-03-28 00:00:00","mon_jug",1810
"2019-03-29 00:00:00","mon_jug",1690
"2019-03-30 00:00:00","mon_jug",1610
"2019-03-31 00:00:00","mon_jug",1500
"2019-04-01 00:00:00","mon_jug",1360
"2019-04-02 00:00:00","mon_jug",1250
"2019-04-03 00:00:00","mon_jug",1190
"2019-04-04 00:00:00","mon_jug",1120
"2019-04-05 00:00:00","mon_jug",1070
"2019-04-06 00:00:00","mon_jug",1110
"2019-04-07 00:00:00","mon_jug",1070
"2019-04-08 00:00:00","mon_jug",1020
"2019-04-09 00:00:00","mon_jug",1040
"2019-04-10 00:00:00","mon_jug",933
"2019-04-11 00:00:00","mon_jug",848
"2019-04-12 00:00:00","mon_jug",878
"2019-04-13 00:00:00","mon_jug",2990
"2019-04-14 00:00:00","mon_jug",2340
"2019-04-15 00:00:00","mon_jug",9610
"2019-04-16 00:00:00","mon_jug",3530
"2019-04-17 00:00:00","mon_jug",2210
"2019-04-18 00:00:00","mon_jug",1840
"2019-04-19 00:00:00","mon_jug",2040
"2019-04-20 00:00:00","mon_jug",7900
"2019-04-21 00:00:00","mon_jug",3210
"2019-04-22 00:00:00","mon_jug",2230
"2019-04-23 00:00:00","mon_jug",1860
"2019-04-24 00:00:00","mon_jug",1630
"2019-04-25 00:00:00","mon_jug",1440
"2019-04-26 00:00:00","mon_jug",1420
"2019-04-27 00:00:00","mon_jug",1550
"2019-04-28 00:00:00","mon_jug",1250
"2019-04-29 00:00:00","mon_jug",1140
"2019-04-30 00:00:00","mon_jug",1040
"2019-05-01 00:00:00","mon_jug",979
"2019-05-02 00:00:00","mon_jug",948
"2019-05-03 00:00:00","mon_jug",972
"2019-05-04 00:00:00","mon_jug",3430
"2019-05-05 00:00:00","mon_jug",9960
"2019-05-06 00:00:00","mon_jug",13300
"2019-05-07 00:00:00","mon_jug",3920
"2019-05-08 00:00:00","mon_jug",2680
"2019-05-09 00:00:00","mon_jug",2190
"2019-05-10 00:00:00","mon_jug",2150
"2019-05-11 00:00:00","mon_jug",2540
"2019-05-12 00:00:00","mon_jug",4100
"2019-05-13 00:00:00","mon_jug",7820
"2019-05-14 00:00:00","mon_jug",7750
"2019-05-15 00:00:00","mon_jug",3460
"2019-05-16 00:00:00","mon_jug",2610
"2019-05-17 00:00:00","mon_jug",2190
"2019-05-18 00:00:00","mon_jug",1960
"2019-05-19 00:00:00","mon_jug",1870
"2019-05-20 00:00:00","mon_jug",1730
"2019-05-21 00:00:00","mon_jug",1580
"2019-05-22 00:00:00","mon_jug",1290
"2019-05-23 00:00:00","mon_jug",1200
"2019-05-24 00:00:00","mon_jug",1180
"2019-05-25 00:00:00","mon_jug",1060
"2019-05-26 00:00:00","mon_jug",1250
"2019-05-27 00:00:00","mon_jug",1590
"2019-05-28 00:00:00","mon_jug",1160
"2019-05-29 00:00:00","mon_jug",1030
"2019-05-30 00:00:00","mon_jug",1290
"2019-05-31 00:00:00","mon_jug",1280
"2019-06-01 00:00:00","mon_jug",956
"2019-06-02 00:00:00","mon_jug",853
"2019-06-03 00:00:00","mon_jug",994
"2019-06-04 00:00:00","mon_jug",855
"2019-06-05 00:00:00","mon_jug",727
"2019-06-06 00:00:00","mon_jug",695
"2019-06-07 00:00:00","mon_jug",662
"2019-06-08 00:00:00","mon_jug",631
"2019-06-09 00:00:00","mon_jug",597
"2019-06-10 00:00:00","mon_jug",589
"2019-06-11 00:00:00","mon_jug",648
"2019-06-12 00:00:00","mon_jug",634
"2019-06-13 00:00:00","mon_jug",1010
"2019-06-14 00:00:00","mon_jug",2000
"2019-06-15 00:00:00","mon_jug",1040
"2019-06-16 00:00:00","mon_jug",727
"2019-06-17 00:00:00","mon_jug",729
"2019-06-18 00:00:00","mon_jug",647
"2019-06-19 00:00:00","mon_jug",631
"2019-06-20 00:00:00","mon_jug",796
"2019-06-21 00:00:00","mon_jug",617
"2019-06-22 00:00:00","mon_jug",539
"2019-06-23 00:00:00","mon_jug",488
"2019-06-24 00:00:00","mon_jug",459
"2019-06-25 00:00:00","mon_jug",606
"2019-06-26 00:00:00","mon_jug",795
"2019-06-27 00:00:00","mon_jug",525
"2019-06-28 00:00:00","mon_jug",443
"2019-06-29 00:00:00","mon_jug",409
"2019-06-30 00:00:00","mon_jug",411
"2019-07-01 00:00:00","mon_jug",408
"2019-07-02 00:00:00","mon_jug",385
"2019-07-03 00:00:00","mon_jug",510
"2019-07-04 00:00:00","mon_jug",449
"2019-07-05 00:00:00","mon_jug",506
"2019-07-06 00:00:00","mon_jug",2110
"2019-07-07 00:00:00","mon_jug",1230
"2019-07-08 00:00:00","mon_jug",7520
"2019-07-09 00:00:00","mon_jug",3400
"2019-07-10 00:00:00","mon_jug",1290
"2019-07-11 00:00:00","mon_jug",898
"2019-07-12 00:00:00","mon_jug",1440
"2019-07-13 00:00:00","mon_jug",892
"2019-07-14 00:00:00","mon_jug",653
"2019-07-15 00:00:00","mon_jug",559
"2019-07-16 00:00:00","mon_jug",502
"2019-07-17 00:00:00","mon_jug",482
"2019-07-18 00:00:00","mon_jug",566
"2019-07-19 00:00:00","mon_jug",560
"2019-07-20 00:00:00","mon_jug",469
"2019-07-21 00:00:00","mon_jug",473
"2019-07-22 00:00:00","mon_jug",629
"2019-07-23 00:00:00","mon_jug",4330
"2019-07-24 00:00:00","mon_jug",1570
"2019-07-25 00:00:00","mon_jug",984
"2019-07-26 00:00:00","mon_jug",706
"2019-07-27 00:00:00","mon_jug",570
"2019-07-28 00:00:00","mon_jug",502
"2019-07-29 00:00:00","mon_jug",457
"2019-07-30 00:00:00","mon_jug",420
"2019-07-31 00:00:00","mon_jug",390
"2019-08-01 00:00:00","mon_jug",388
"2019-08-02 00:00:00","mon_jug",368
"2019-08-03 00:00:00","mon_jug",353
"2019-08-04 00:00:00","mon_jug",374
"2019-08-05 00:00:00","mon_jug",347
"2019-08-06 00:00:00","mon_jug",326
"2019-08-07 00:00:00","mon_jug",335
"2019-08-08 00:00:00","mon_jug",424
"2019-08-09 00:00:00","mon_jug",341
"2019-08-10 00:00:00","mon_jug",290
"2019-08-11 00:00:00","mon_jug",264
"2019-08-12 00:00:00","mon_jug",249
"2019-08-13 00:00:00","mon_jug",244
"2019-08-14 00:00:00","mon_jug",398
"2019-08-15 00:00:00","mon_jug",287
"2019-08-16 00:00:00","mon_jug",268
"2019-08-17 00:00:00","mon_jug",258
"2019-08-18 00:00:00","mon_jug",243
"2019-08-19 00:00:00","mon_jug",231
"2019-08-20 00:00:00","mon_jug",226
"2019-08-21 00:00:00","mon_jug",233
"2019-08-22 00:00:00","mon_jug",215
"2019-08-23 00:00:00","mon_jug",569
"2019-08-24 00:00:00","mon_jug",423
"2019-08-25 00:00:00","mon_jug",363
"2019-08-26 00:00:00","mon_jug",284
"2019-08-27 00:00:00","mon_jug",245
"2019-08-28 00:00:00","mon_jug",292
"2019-08-29 00:00:00","mon_jug",357
"2019-08-30 00:00:00","mon_jug",330
"2019-08-31 00:00:00","mon_jug",264
"2019-09-01 00:00:00","mon_jug",234
"2019-09-02 00:00:00","mon_jug",232
"2019-09-03 00:00:00","mon_jug",301
"2019-09-04 00:00:00","mon_jug",336
"2019-09-05 00:00:00","mon_jug",254
"2019-09-06 00:00:00","mon_jug",217
"2019-09-07 00:00:00","mon_jug",204
"2019-09-08 00:00:00","mon_jug",190
"2019-09-09 00:00:00","mon_jug",183
"2019-09-10 00:00:00","mon_jug",181
"2019-09-11 00:00:00","mon_jug",180
"2019-09-12 00:00:00","mon_jug",179
"2019-09-13 00:00:00","mon_jug",193
"2019-09-14 00:00:00","mon_jug",208
"2019-09-15 00:00:00","mon_jug",206
"2019-09-16 00:00:00","mon_jug",197
"2019-09-17 00:00:00","mon_jug",185
"2019-09-18 00:00:00","mon_jug",173
"2019-09-19 00:00:00","mon_jug",163
"2019-09-20 00:00:00","mon_jug",157
"2019-09-21 00:00:00","mon_jug",155
"2019-09-22 00:00:00","mon_jug",151
"2019-09-23 00:00:00","mon_jug",145
"2019-09-24 00:00:00","mon_jug",142
"2019-09-25 00:00:00","mon_jug",136
"2019-09-26 00:00:00","mon_jug",135
"2019-09-27 00:00:00","mon_jug",137
"2019-09-28 00:00:00","mon_jug",133
"2019-09-29 00:00:00","mon_jug",132
"2019-09-30 00:00:00","mon_jug",145
"2019-10-01 00:00:00","mon_jug",137
"2019-10-02 00:00:00","mon_jug",136
"2019-10-03 00:00:00","mon_jug",136
"2019-10-04 00:00:00","mon_jug",129
"2019-10-05 00:00:00","mon_jug",123
"2019-10-06 00:00:00","mon_jug",131
"2019-10-07 00:00:00","mon_jug",150
"2019-10-08 00:00:00","mon_jug",214
"2019-10-09 00:00:00","mon_jug",228
"2019-10-10 00:00:00","mon_jug",237
"2019-10-11 00:00:00","mon_jug",195
"2019-10-12 00:00:00","mon_jug",174
"2019-10-13 00:00:00","mon_jug",159
"2019-10-14 00:00:00","mon_jug",154
"2019-10-15 00:00:00","mon_jug",148
"2019-10-16 00:00:00","mon_jug",195
"2019-10-17 00:00:00","mon_jug",288
"2019-10-18 00:00:00","mon_jug",321
"2019-10-19 00:00:00","mon_jug",236
"2019-10-20 00:00:00","mon_jug",219
"2019-10-21 00:00:00","mon_jug",217
"2019-10-22 00:00:00","mon_jug",252
"2019-10-23 00:00:00","mon_jug",279
"2019-10-24 00:00:00","mon_jug",304
"2019-10-25 00:00:00","mon_jug",263
"2019-10-26 00:00:00","mon_jug",223
"2019-10-27 00:00:00","mon_jug",811
"2019-10-28 00:00:00","mon_jug",1870
"2019-10-29 00:00:00","mon_jug",647
"2019-10-30 00:00:00","mon_jug",422
"2019-10-31 00:00:00","mon_jug",1050
"2019-11-01 00:00:00","mon_jug",9620
"2019-11-02 00:00:00","mon_jug",2190
"2019-11-03 00:00:00","mon_jug",1020
"2019-11-04 00:00:00","mon_jug",720
"2019-11-05 00:00:00","mon_jug",577
"2019-11-06 00:00:00","mon_jug",503
"2019-11-07 00:00:00","mon_jug",449
"2019-11-08 00:00:00","mon_jug",429
"2019-11-09 00:00:00","mon_jug",424
"2019-11-10 00:00:00","mon_jug",393
"2019-11-11 00:00:00","mon_jug",360
"2019-11-12 00:00:00","mon_jug",345
"2019-11-13 00:00:00","mon_jug",335
"2019-11-14 00:00:00","mon_jug",320
"2019-11-15 00:00:00","mon_jug",303
"2019-11-16 00:00:00","mon_jug",293
"2019-11-17 00:00:00","mon_jug",278
"2019-11-18 00:00:00","mon_jug",273
"2019-11-19 00:00:00","mon_jug",273
"2019-11-20 00:00:00","mon_jug",268
"2019-01-01 00:00:00","por",32700
"2019-01-02 00:00:00","por",34900
"2019-01-03 00:00:00","por",30200
"2019-01-04 00:00:00","por",25800
"2019-01-05 00:00:00","por",23500
"2019-01-06 00:00:00","por",22800
"2019-01-07 00:00:00","por",23700
"2019-01-08 00:00:00","por",21600
"2019-01-09 00:00:00","por",19400
"2019-01-10 00:00:00","por",18500
"2019-01-11 00:00:00","por",17100
"2019-01-12 00:00:00","por",15900
"2019-01-13 00:00:00","por",15700
"2019-01-14 00:00:00","por",15100
"2019-01-15 00:00:00","por",14300
"2019-01-16 00:00:00","por",13500
"2019-01-17 00:00:00","por",12300
"2019-01-18 00:00:00","por",11700
"2019-01-19 00:00:00","por",11600
"2019-01-20 00:00:00","por",17900
"2019-01-21 00:00:00","por",38600
"2019-01-22 00:00:00","por",40400
"2019-01-23 00:00:00","por",28000
"2019-01-24 00:00:00","por",25800
"2019-01-25 00:00:00","por",40600
"2019-01-26 00:00:00","por",47600
"2019-01-27 00:00:00","por",37700
"2019-01-28 00:00:00","por",30200
"2019-01-29 00:00:00","por",25200
"2019-01-30 00:00:00","por",21400
"2019-01-31 00:00:00","por",18500
"2019-02-01 00:00:00","por",14800
"2019-02-02 00:00:00","por",12600
"2019-02-03 00:00:00","por",12400
"2019-02-04 00:00:00","por",13500
"2019-02-05 00:00:00","por",14100
"2019-02-06 00:00:00","por",13700
"2019-02-07 00:00:00","por",15500
"2019-02-08 00:00:00","por",20200
"2019-02-09 00:00:00","por",26100
"2019-02-10 00:00:00","por",23600
"2019-02-11 00:00:00","por",19700
"2019-02-12 00:00:00","por",19800
"2019-02-13 00:00:00","por",27200
"2019-02-14 00:00:00","por",36900
"2019-02-15 00:00:00","por",32100
"2019-02-16 00:00:00","por",27900
"2019-02-17 00:00:00","por",26300
"2019-02-18 00:00:00","por",23100
"2019-02-19 00:00:00","por",20400
"2019-02-20 00:00:00","por",18600
"2019-02-21 00:00:00","por",17900
"2019-02-22 00:00:00","por",19700
"2019-02-23 00:00:00","por",34000
"2019-02-24 00:00:00","por",43200
"2019-02-25 00:00:00","por",59200
"2019-02-26 00:00:00","por",62000
"2019-02-27 00:00:00","por",43600
"2019-02-28 00:00:00","por",32700
"2019-03-01 00:00:00","por",26900
"2019-03-02 00:00:00","por",25200
"2019-03-03 00:00:00","por",25500
"2019-03-04 00:00:00","por",27300
"2019-03-05 00:00:00","por",29100
"2019-03-06 00:00:00","por",26800
"2019-03-07 00:00:00","por",22700
"2019-03-08 00:00:00","por",20100
"2019-03-09 00:00:00","por",18500
"2019-03-10 00:00:00","por",18800
"2019-03-11 00:00:00","por",30300
"2019-03-12 00:00:00","por",34700
"2019-03-13 00:00:00","por",31300
"2019-03-14 00:00:00","por",26900
"2019-03-15 00:00:00","por",23700
"2019-03-16 00:00:00","por",22000
"2019-03-17 00:00:00","por",20900
"2019-03-18 00:00:00","por",18500
"2019-03-19 00:00:00","por",16300
"2019-03-20 00:00:00","por",15000
"2019-03-21 00:00:00","por",17600
"2019-03-22 00:00:00","por",37000
"2019-03-23 00:00:00","por",45300
"2019-03-24 00:00:00","por",30900
"2019-03-25 00:00:00","por",24400
"2019-03-26 00:00:00","por",21400
"2019-03-27 00:00:00","por",19500
"2019-03-28 00:00:00","por",17600
"2019-03-29 00:00:00","por",16100
"2019-03-30 00:00:00","por",15200
"2019-03-31 00:00:00","por",14400
"2019-04-01 00:00:00","por",13300
"2019-04-02 00:00:00","por",12300
"2019-04-03 00:00:00","por",11500
"2019-04-04 00:00:00","por",10900
"2019-04-05 00:00:00","por",10500
"2019-04-06 00:00:00","por",10500
"2019-04-07 00:00:00","por",11400
"2019-04-08 00:00:00","por",11500
"2019-04-09 00:00:00","por",11100
"2019-04-10 00:00:00","por",10900
"2019-04-11 00:00:00","por",10500
"2019-04-12 00:00:00","por",10200
"2019-04-13 00:00:00","por",10900
"2019-04-14 00:00:00","por",12100
"2019-04-15 00:00:00","por",18300
"2019-04-16 00:00:00","por",28200
"2019-04-17 00:00:00","por",27500
"2019-04-18 00:00:00","por",22300
"2019-04-19 00:00:00","por",19000
"2019-04-20 00:00:00","por",25000
"2019-04-21 00:00:00","por",44800
"2019-04-22 00:00:00","por",38200
"2019-04-23 00:00:00","por",28400
"2019-04-24 00:00:00","por",22700
"2019-04-25 00:00:00","por",19400
"2019-04-26 00:00:00","por",17100
"2019-04-27 00:00:00","por",15800
"2019-04-28 00:00:00","por",16000
"2019-04-29 00:00:00","por",16400
"2019-04-30 00:00:00","por",15400
"2019-05-01 00:00:00","por",13900
"2019-05-02 00:00:00","por",13000
"2019-05-03 00:00:00","por",12000
"2019-05-04 00:00:00","por",14500
"2019-05-05 00:00:00","por",23500
"2019-05-06 00:00:00","por",52200
"2019-05-07 00:00:00","por",50100
"2019-05-08 00:00:00","por",32800
"2019-05-09 00:00:00","por",24800
"2019-05-10 00:00:00","por",20500
"2019-05-11 00:00:00","por",17700
"2019-05-12 00:00:00","por",16800
"2019-05-13 00:00:00","por",24400
"2019-05-14 00:00:00","por",38100
"2019-05-15 00:00:00","por",39900
"2019-05-16 00:00:00","por",33100
"2019-05-17 00:00:00","por",26400
"2019-05-18 00:00:00","por",21100
"2019-05-19 00:00:00","por",17600
"2019-05-20 00:00:00","por",17400
"2019-05-21 00:00:00","por",16300
"2019-05-22 00:00:00","por",13900
"2019-05-23 00:00:00","por",12800
"2019-05-24 00:00:00","por",11300
"2019-05-25 00:00:00","por",10000
"2019-05-26 00:00:00","por",9580
"2019-05-27 00:00:00","por",9940
"2019-05-28 00:00:00","por",9410
"2019-05-29 00:00:00","por",9250
"2019-05-30 00:00:00","por",8610
"2019-05-31 00:00:00","por",8520
"2019-06-01 00:00:00","por",8150
"2019-06-02 00:00:00","por",7810
"2019-06-03 00:00:00","por",7920
"2019-06-04 00:00:00","por",8380
"2019-06-05 00:00:00","por",7290
"2019-06-06 00:00:00","por",6830
"2019-06-07 00:00:00","por",6430
"2019-06-08 00:00:00","por",6290
"2019-06-09 00:00:00","por",6270
"2019-06-10 00:00:00","por",6130
"2019-06-11 00:00:00","por",6080
"2019-06-12 00:00:00","por",6530
"2019-06-13 00:00:00","por",7970
"2019-06-14 00:00:00","por",8030
"2019-06-15 00:00:00","por",6930
"2019-06-16 00:00:00","por",6280
"2019-06-17 00:00:00","por",5980
"2019-06-18 00:00:00","por",5620
"2019-06-19 00:00:00","por",5550
"2019-06-20 00:00:00","por",5540
"2019-06-21 00:00:00","por",5370
"2019-06-22 00:00:00","por",6700
"2019-06-23 00:00:00","por",6300
"2019-06-24 00:00:00","por",5510
"2019-06-25 00:00:00","por",5330
"2019-06-26 00:00:00","por",5370
"2019-06-27 00:00:00","por",6040
"2019-06-28 00:00:00","por",6460
"2019-06-29 00:00:00","por",5900
"2019-06-30 00:00:00","por",5490
"2019-07-01 00:00:00","por",5030
"2019-07-02 00:00:00","por",6510
"2019-07-03 00:00:00","por",9610
"2019-07-04 00:00:00","por",7660
"2019-07-05 00:00:00","por",6380
"2019-07-06 00:00:00","por",6230
"2019-07-07 00:00:00","por",6800
"2019-07-08 00:00:00","por",11100
"2019-07-09 00:00:00","por",12500
"2019-07-10 00:00:00","por",10900
"2019-07-11 00:00:00","por",9620
"2019-07-12 00:00:00","por",8590
"2019-07-13 00:00:00","por",8350
"2019-07-14 00:00:00","por",8960
"2019-07-15 00:00:00","por",7630
"2019-07-16 00:00:00","por",6440
"2019-07-17 00:00:00","por",5680
"2019-07-18 00:00:00","por",5420
"2019-07-19 00:00:00","por",5210
"2019-07-20 00:00:00","por",4960
"2019-07-21 00:00:00","por",4770
"2019-07-22 00:00:00","por",4640
"2019-07-23 00:00:00","por",6600
"2019-07-24 00:00:00","por",6360
"2019-07-25 00:00:00","por",6130
"2019-07-26 00:00:00","por",7010
"2019-07-27 00:00:00","por",5850
"2019-07-28 00:00:00","por",4930
"2019-07-29 00:00:00","por",4430
"2019-07-30 00:00:00","por",4030
"2019-07-31 00:00:00","por",3900
"2019-08-01 00:00:00","por",4010
"2019-08-02 00:00:00","por",3830
"2019-08-03 00:00:00","por",3930
"2019-08-04 00:00:00","por",4300
"2019-08-05 00:00:00","por",4390
"2019-08-06 00:00:00","por",4120
"2019-08-07 00:00:00","por",3810
"2019-08-08 00:00:00","por",3740
"2019-08-09 00:00:00","por",3520
"2019-08-10 00:00:00","por",3170
"2019-08-11 00:00:00","por",3030
"2019-08-12 00:00:00","por",2900
"2019-08-13 00:00:00","por",2730
"2019-08-14 00:00:00","por",2860
"2019-08-15 00:00:00","por",3010
"2019-08-16 00:00:00","por",3160
"2019-08-17 00:00:00","por",3060
"2019-08-18 00:00:00","por",3330
"2019-08-19 00:00:00","por",3380
"2019-08-20 00:00:00","por",2950
"2019-08-21 00:00:00","por",2850
"2019-08-22 00:00:00","por",2820
"2019-08-23 00:00:00","por",3030
"2019-08-24 00:00:00","por",3440
"2019-08-25 00:00:00","por",3360
"2019-08-26 00:00:00","por",3010
"2019-08-27 00:00:00","por",3440
"2019-08-28 00:00:00","por",3910
"2019-08-29 00:00:00","por",3270
"2019-08-30 00:00:00","por",2920
"2019-08-31 00:00:00","por",2680
"2019-09-01 00:00:00","por",2590
"2019-09-02 00:00:00","por",2450
"2019-09-03 00:00:00","por",2540
"2019-09-04 00:00:00","por",2790
"2019-09-05 00:00:00","por",2890
"2019-09-06 00:00:00","por",2600
"2019-09-07 00:00:00","por",2460
"2019-09-08 00:00:00","por",2320
"2019-09-09 00:00:00","por",2220
"2019-09-10 00:00:00","por",2160
"2019-09-11 00:00:00","por",2090
"2019-09-12 00:00:00","por",2120
"2019-09-13 00:00:00","por",2030
"2019-09-14 00:00:00","por",2180
"2019-09-15 00:00:00","por",1980
"2019-09-16 00:00:00","por",1970
"2019-09-17 00:00:00","por",2030
"2019-09-18 00:00:00","por",2360
"2019-09-19 00:00:00","por",2300
"2019-09-20 00:00:00","por",1910
"2019-09-21 00:00:00","por",1870
"2019-09-22 00:00:00","por",1830
"2019-09-23 00:00:00","por",1880
"2019-09-24 00:00:00","por",1860
"2019-09-25 00:00:00","por",1830
"2019-09-26 00:00:00","por",1770
"2019-09-27 00:00:00","por",1740
"2019-09-28 00:00:00","por",1720
"2019-09-29 00:00:00","por",1700
"2019-09-30 00:00:00","por",1780
"2019-10-01 00:00:00","por",1830
"2019-10-02 00:00:00","por",2230
"2019-10-03 00:00:00","por",2110
"2019-10-04 00:00:00","por",1910
"2019-10-05 00:00:00","por",1870
"2019-10-06 00:00:00","por",1890
"2019-10-07 00:00:00","por",1900
"2019-10-08 00:00:00","por",2040
"2019-10-09 00:00:00","por",2210
"2019-10-10 00:00:00","por",2310
"2019-10-11 00:00:00","por",2210
"2019-10-12 00:00:00","por",2240
"2019-10-13 00:00:00","por",2190
"2019-10-14 00:00:00","por",2330
"2019-10-15 00:00:00","por",2260
"2019-10-16 00:00:00","por",2040
"2019-10-17 00:00:00","por",2000
"2019-10-18 00:00:00","por",2010
"2019-10-19 00:00:00","por",2010
"2019-10-20 00:00:00","por",1960
"2019-10-21 00:00:00","por",2150
"2019-10-22 00:00:00","por",2220
"2019-10-23 00:00:00","por",2330
"2019-10-24 00:00:00","por",2920
"2019-10-25 00:00:00","por",2790
"2019-10-26 00:00:00","por",2810
"2019-10-27 00:00:00","por",3100
"2019-10-28 00:00:00","por",3440
"2019-10-29 00:00:00","por",NA
"2019-10-30 00:00:00","por",3490
"2019-10-31 00:00:00","por",3840
"2019-11-01 00:00:00","por",5680
"2019-11-02 00:00:00","por",7100
"2019-11-03 00:00:00","por",7780
"2019-11-04 00:00:00","por",7940
"2019-11-05 00:00:00","por",6160
"2019-11-06 00:00:00","por",5010
"2019-11-07 00:00:00","por",4290
"2019-11-08 00:00:00","por",3800
"2019-11-09 00:00:00","por",3560
"2019-11-10 00:00:00","por",3280
"2019-11-11 00:00:00","por",3070
"2019-11-12 00:00:00","por",2930
"2019-11-13 00:00:00","por",2850
"2019-11-14 00:00:00","por",2760
"2019-11-15 00:00:00","por",2730
"2019-11-16 00:00:00","por",2630
"2019-11-17 00:00:00","por",2440
"2019-11-18 00:00:00","por",2490
"2019-11-19 00:00:00","por",2500
"2019-11-20 00:00:00","por",2260
