date,lfalls,seneca,goose,mon_jug,por,shen_mill,antietam,opequon,conoco,hanc,cacapon,sideling,paw,town,sbr,patterson,nbp_cumb,wills,luke,barnum,bloomington,kitzmiller,barton,jrr_level,sav_level,edwards_level,bennett,unity,cattail,hawlings,cedar
2019-11-27 00:00:00,3860,106,77.7,579,2660,779,171,87.6,225,781,97,5.03,686,15.2,214,18.5,294,54.5,229,167,49.2,94.4,7.01,1424.5,1424.38,3.59,30,18.8,19,18.8,50.9
2019-11-27 01:00:00,3920,108,77.7,569,2660,779,169,86.3,223,781,97,5.03,686,15.2,214,18.5,294,54.5,229,167,49.2,94.4,7.01,1424.49,1424.36,3.59,30,18.8,19,18.8,50.9
2019-11-27 02:00:00,3860,111,77.7,564,2660,787,171,86.3,223,781,97,5.03,686,15.2,214,18.5,294,54.5,229,167,49.2,94.4,6.63,1424.5,1424.34,3.58,30,18.8,19,18.8,49.5
2019-11-27 03:00:00,3800,106,77.7,559,2660,803,169,86.3,220,781,97,5.03,686,15.2,214,18.5,288,54.5,229,167,49.2,94.4,6.63,1424.46,1424.33,3.58,30,18.8,19,18.8,49.5
2019-11-27 04:00:00,3740,106,77.7,554,2630,819,169,85.1,223,781,97,5.03,686,14.6,218,18.5,288,54.5,229,167,49.2,92.5,6.63,1424.57,1424.3,3.58,30,19.5,19,18.8,49.5
2019-11-27 05:00:00,3680,102,73.6,544,2610,852,169,83.8,220,789,97,5.03,680,14.6,218,18.5,288,53.2,229,167,49.2,92.5,6.63,1424.43,1424.29,3.57,28.7,19.5,18.5,17.9,50.9
2019-11-27 06:00:00,3680,99.5,73.6,539,2610,878,166,82.6,220,789,97,5.03,680,14.6,218,18.5,288,53.2,232,170,49.2,92.5,6.63,1424.59,1424.28,3.57,28.7,19.5,19,17.9,50.9
2019-11-27 07:00:00,3680,95.3,73.6,534,2590,921,166,81.4,217,789,97,5.03,680,14.6,221,18.5,294,54.5,229,167,49.2,92.5,6.63,1424.47,1424.26,3.56,28.7,19.5,18.5,17.9,50.9
2019-11-27 08:00:00,3570,93.3,73.6,529,2560,1120,166,82.6,217,789,97,5.03,680,14.6,221,18.5,294,54.5,232,167,49.2,92.5,6.63,1424.52,1424.24,3.56,28.7,19.5,18.5,17.9,50.9
2019-11-27 09:00:00,3570,91.3,73.6,529,2540,1070,163,83.8,214,789,97,5.03,680,14.6,221,18.5,288,54.5,229,167,44.8,92.5,6.63,1424.61,1424.23,3.56,28.7,19.5,18.5,17.9,49.5
2019-11-27 10:00:00,3570,91.3,71.6,524,2540,1060,163,85.1,214,789,97,5.03,680,14.6,221,18.5,288,54.5,229,167,42.4,92.5,6.63,1424.6,1424.22,3.54,28.7,19.5,18.5,17.9,49.5
2019-11-27 11:00:00,3510,93.3,71.6,515,2520,1060,163,86.3,211,789,97,5.29,680,14.6,221,18.5,288,54.5,232,167,42.4,90.6,6.63,1424.6,1424.21,3.54,28.7,19.5,18.5,17.9,49.5
2019-11-27 12:00:00,3450,95.3,71.6,519,2500,1050,163,85.1,211,789,97,5.29,674,14.6,221,18.5,288,53.2,229,167,42.4,90.6,6.63,1424.57,1424.19,3.53,28.7,19.5,18.5,17.1,49.5
2019-11-27 13:00:00,3510,99.5,71.6,515,2480,1040,161,85.1,208,789,97,5.29,674,14.6,221,18.5,288,53.2,226,170,42.4,90.6,6.63,1424.37,1424.16,3.52,27.5,19.5,18.5,17.1,49.5
2019-11-27 14:00:00,3450,104,71.6,510,2470,1030,161,87.6,208,789,97,5.29,680,14.6,221,18.5,288,53.2,226,167,42.4,90.6,6.63,1424.42,1424.15,3.52,27.5,18.8,18.5,17.1,49.5
2019-11-27 15:00:00,3450,99.5,71.6,510,2450,1010,161,87.6,208,798,97,5.29,674,14.6,221,18.5,288,53.2,223,167,42.4,90.6,6.63,1424.34,1424.14,3.52,27.5,18.8,18.5,17.9,49.5
2019-11-27 16:00:00,3450,99.5,71.6,505,2450,994,161,90.1,211,798,97,5.57,674,14.6,221,18.5,294,53.2,226,167,42.4,90.6,6.63,1424.37,1424.14,3.51,27.5,18.8,18.5,17.1,49.5
2019-11-27 17:00:00,3450,99.5,71.6,501,2440,966,158,87.6,208,798,97,5.57,NA,14.6,221,19.1,294,53.2,226,167,42.4,90.6,6.63,1424.32,1424.11,3.5,27.5,18.8,18.5,17.1,49.5
2019-11-27 18:00:00,3400,102,71.6,501,2450,827,158,86.3,208,789,97,5.29,674,14.6,221,18.5,301,53.2,223,167,42.4,90.6,6.63,1424.31,1424.12,3.49,27.5,18.8,18.5,17.1,49.5
2019-11-27 19:00:00,3400,97.4,71.6,496,2510,795,158,86.3,203,781,97,5.29,NA,14.6,221,18.5,301,53.2,223,167,42.4,90.6,6.63,1424.3,1424.09,3.48,27.5,19.5,18.5,17.1,49.5
2019-11-27 20:00:00,3450,97.4,71.6,491,2570,827,158,86.3,206,781,97,5.29,668,14.6,221,18.5,294,52,223,167,42.4,90.6,6.63,1424.25,1424.1,3.48,28.7,18.8,18.5,17.1,49.5
2019-11-27 21:00:00,3400,97.4,69.7,491,2610,835,158,87.6,203,781,97,5.29,NA,14,221,18.5,294,53.2,223,167,42.4,90.6,6.63,1424.31,1424.06,3.48,28.7,18.8,18.5,17.1,49.5
2019-11-27 22:00:00,3400,102,71.6,487,NA,819,158,87.6,203,789,97,5.29,674,14.6,221,17.9,294,53.2,223,167,42.4,90.6,6.63,1424.3,1424.08,NA,27.5,18.8,18.5,17.1,49.5
2019-11-27 23:00:00,3400,102,69.7,478,2630,795,161,86.3,203,789,97,5.29,674,14.6,218,18.5,288,53.2,223,167,42.4,90.6,6.63,1424.27,1424.05,NA,27.5,18.8,18,17.1,49.5
2019-11-28 00:00:00,3400,99.5,65.9,478,2610,779,161,83.8,200,781,97,5.29,668,14,218,18.5,294,52,220,167,42.4,90.6,6.63,1424.25,1424.04,NA,26.3,15.8,18,17.1,48.1
2019-11-28 01:00:00,5150,99.5,65.9,469,2660,763,158,83.8,197,781,97,5.03,680,14,214,17.9,294,52,223,167,42.4,90.6,6.63,1424.28,1424.03,NA,26.3,18.2,18,17.1,48.1
2019-11-28 02:00:00,3340,99.5,65.9,464,2660,779,158,83.8,197,781,97,5.03,NA,14,214,18.5,294,52,223,167,42.4,90.6,6.63,1424.26,1424.01,NA,26.3,18.2,18,16.3,48.1
2019-11-28 03:00:00,NA,99.5,65.9,460,2660,795,156,83.8,197,772,94.9,5.03,668,13.3,218,18.5,294,50.8,223,167,42.4,88.8,6.63,1424.26,1423.99,NA,26.3,18.2,17.5,15.6,46.8
2019-11-28 04:00:00,NA,104,65.9,455,2630,803,156,83.8,200,772,94.9,5.03,NA,13.3,218,18.5,301,52,223,167,42.4,88.8,6.27,1424.24,1423.97,NA,26.3,18.2,17.5,16.3,45.5
2019-11-28 05:00:00,NA,102,64.1,455,2560,819,153,81.4,195,772,94.9,5.03,NA,14,218,17.9,294,50.8,223,167,42.4,88.8,6.27,1424.21,1423.97,NA,26.3,18.2,17.5,16.3,44.2
2019-11-28 06:00:00,NA,95.3,64.1,451,2540,844,153,78.9,200,781,97,5.03,NA,13.3,221,17.9,269,50.8,223,170,42.4,88.8,6.27,1424.22,1423.97,NA,26.3,17.6,17,16.3,41.6
2019-11-28 07:00:00,3120,91.3,62.2,446,2470,886,153,77.8,197,781,97,4.78,686,13.3,221,18.5,275,49.6,223,167,42.4,88.8,6.27,1424.15,1423.96,NA,25.1,18.2,17,16.3,40.4
2019-11-28 08:00:00,3680,87.3,62.2,442,2400,939,150,78.9,195,781,97,5.03,674,13.3,221,18.5,288,48.5,223,170,42.4,88.8,6.27,1424.18,1423.93,3.59,25.1,18.2,17,16.3,39.2
2019-11-28 09:00:00,3450,87.3,62.2,442,2400,966,148,78.9,195,772,97,5.03,668,13.3,221,17.9,288,49.6,223,167,42.4,88.8,6.27,1424.19,1423.92,NA,25.1,17.6,17,16.3,38
2019-11-28 10:00:00,3560,87.3,62.2,442,2370,994,148,80.1,195,772,97,5.03,686,12.8,221,17.9,275,49.6,220,170,42.4,88.8,6.27,1424.18,1423.89,NA,25.1,17.6,17,15.6,38
2019-11-28 11:00:00,3380,83.2,62.2,437,2330,1000,148,81.4,192,764,97,5.03,686,12.8,221,18.5,269,48.5,223,167,42.4,88.8,6.27,1424.15,1423.89,NA,25.1,17.6,16.5,15.6,36.9
2019-11-28 12:00:00,3330,85.4,62.2,433,2300,1010,148,80.1,189,764,97,5.03,NA,12.2,218,18.5,269,46.4,220,170,42.4,88.8,6.27,1424.18,1423.88,NA,25.1,17.6,16.5,15.6,36.9
2019-11-28 13:00:00,3160,87.3,62.2,433,2260,1000,145,80.1,192,755,97,5.03,NA,12.2,218,19.1,264,46.4,223,170,42.4,86.9,6.27,1424.13,1423.83,NA,23.9,17.6,16.5,15.6,38
2019-11-28 14:00:00,3210,93.3,62.2,433,2230,994,145,81.4,189,764,94.9,5.03,680,12.2,218,19.1,264,46.4,223,170,42.4,86.9,6.27,1424.16,1423.83,NA,23.9,17,16.5,15.6,38
2019-11-28 15:00:00,3320,102,62.2,429,2260,985,145,82.6,184,764,94.9,5.03,680,12.8,218,19.1,258,48.5,223,167,42.4,86.9,6.27,1424.21,1423.83,NA,23.9,17,16.5,15.6,38
2019-11-28 16:00:00,3260,106,62.2,424,NA,966,145,82.6,189,755,94.9,5.03,674,12.2,214,19.1,264,49.6,220,167,42.4,86.9,6.27,1424.15,1423.81,3.54,23.9,17,16,15.6,36.9
2019-11-28 17:00:00,3420,106,60.5,424,2260,948,145,82.6,187,755,94.9,5.03,668,12.8,214,18.5,264,49.6,223,167,42.4,86.9,6.27,1424.15,1423.81,NA,23.9,16.4,16.5,15.6,36.9
2019-11-28 18:00:00,3360,106,60.5,420,2280,921,145,80.1,187,755,94.9,5.03,NA,12.2,214,18.5,269,49.6,223,167,42.4,86.9,6.27,1424.09,1423.79,NA,23.9,17,16.5,15.6,35.7
2019-11-28 19:00:00,3360,102,60.5,416,2330,895,143,78.9,187,755,94.9,5.03,662,12.2,214,18.5,269,49.6,223,170,42.4,86.9,6.27,1424.08,1423.78,3.53,23.9,17,16.5,15.6,35.7
2019-11-28 20:00:00,3420,99.5,58.7,412,2400,869,145,78.9,184,755,94.9,5.03,662,11.6,214,18.5,269,48.5,223,170,42.4,85.1,6.27,1424.11,1423.77,3.52,23.9,16.4,16.5,15.6,35.7
2019-11-28 21:00:00,3410,95.3,58.7,408,2400,844,145,80.1,184,755,94.9,5.03,656,11.6,214,19.1,264,48.5,223,167,42.4,85.1,6.27,1424.05,1423.76,3.5,23.9,17,16.5,15.6,35.7
2019-11-28 22:00:00,3300,95.3,58.7,408,2440,827,145,80.1,181,764,94.9,4.78,656,11.6,214,19.1,269,48.5,220,167,42.4,85.1,6.27,1424.09,1423.74,NA,23.9,17,16,14.8,34.6
2019-11-28 23:00:00,3350,93.3,58.7,404,NA,811,145,81.4,181,764,94.9,4.78,650,11.1,214,19.1,269,48.5,223,167,42.4,85.1,6.27,1424.06,1423.73,NA,23.9,17,16,15.6,33.5
2019-11-29 00:00:00,3520,89.3,57.1,400,NA,803,145,80.1,181,764,94.9,4.78,650,11.1,211,19.1,269,48.5,223,167,42.4,83.3,6.27,1424.04,1423.72,3.42,23.9,16.4,16,15.6,32.5
2019-11-29 01:00:00,3460,85.4,57.1,400,2510,795,145,80.1,179,764,94.9,5.03,650,11.1,211,19.1,269,48.5,223,167,42.4,83.3,6.27,1424.06,1423.7,NA,23.9,16.4,16,15.6,32.5
2019-11-29 02:00:00,3400,89.3,57.1,396,2510,795,148,78.9,179,764,94.9,5.03,650,10.5,208,19.1,269,48.5,220,167,42.4,83.3,6.27,1424.08,1423.7,NA,23.9,15.8,16,15.6,32.5
2019-11-29 03:00:00,3230,85.4,57.1,392,2510,787,145,80.1,176,764,94.9,4.78,643,11.1,208,19.1,269,48.5,223,167,42.4,83.3,6.27,1424.05,1423.68,3.42,23.9,15.8,16,15.6,33.5
2019-11-29 04:00:00,3450,85.4,57.1,392,NA,795,145,80.1,176,772,92.7,4.78,643,10.5,208,18.5,269,48.5,223,167,42.4,83.3,6.27,1424.03,1423.67,3.36,23.9,15.8,16,15.6,34.6
2019-11-29 05:00:00,3560,85.4,57.1,388,2470,803,145,78.9,174,772,92.7,4.78,637,11.1,208,18.5,269,48.5,220,167,42.4,83.3,6.27,1424.08,1423.66,3.39,23.9,16.4,16,15.6,33.5
2019-11-29 06:00:00,3620,83.2,57.1,388,2440,811,145,77.8,174,772,92.7,4.78,637,11.1,211,18.5,269,48.5,223,167,42.4,81.5,6.27,1423.94,1423.64,3.38,23.9,15.8,16,15.6,32.5
2019-11-29 07:00:00,3380,81.1,57.1,388,2440,819,145,76.6,174,772,92.7,4.54,637,10.5,211,18.5,269,48.5,223,167,42.4,81.5,6.27,1423.97,1423.62,3.41,23.9,16.4,16,15.6,31.4
2019-11-29 08:00:00,3550,76.8,57.1,384,NA,827,143,76.6,176,772,92.7,4.54,631,10.5,211,18.5,269,48.5,223,167,42.4,81.5,6.27,1423.98,1423.61,3.4,23.9,16.4,16,14.8,30.4
2019-11-29 09:00:00,3430,76.8,57.1,384,NA,835,143,76.6,179,772,92.7,4.54,631,10.5,211,18.5,275,48.5,223,167,42.4,81.5,6.27,1423.94,1423.6,3.36,23.9,16.4,16,14.8,29.4
2019-11-29 10:00:00,3380,74.8,57.1,380,NA,844,143,77.8,181,772,92.7,4.54,625,10.5,211,19.1,269,48.5,226,167,42.4,81.5,6.27,1423.91,1423.58,3.39,23.9,17,16,15.6,28.4
2019-11-29 11:00:00,3370,74.8,57.1,380,NA,852,140,77.8,181,772,92.7,4.54,637,10.5,211,18.5,269,48.5,223,170,42.4,81.5,6.27,1423.94,1423.57,3.35,23.9,17,16,15.6,27.5
2019-11-29 12:00:00,3150,74.8,55.4,380,NA,861,140,77.8,179,772,92.7,4.54,625,10.5,211,18.5,275,48.5,223,167,42.4,81.5,6.27,1424.01,1423.55,3.36,23.9,17,15.6,14.8,27.5
2019-11-29 13:00:00,3420,76.8,55.4,376,NA,861,140,77.8,179,772,92.7,4.54,625,10.5,211,18.5,269,48.5,223,167,41.6,81.5,6.27,1423.88,1423.53,3.43,23.9,17.6,15.6,14.8,26.5
2019-11-29 14:00:00,3200,81.1,55.4,380,NA,869,140,80.1,179,772,92.7,4.54,625,10.5,208,19.1,269,48.5,223,167,41.6,81.5,6.27,1423.89,1423.52,3.39,23.9,17.6,15.6,14.8,26.5
2019-11-29 15:00:00,3080,89.3,55.4,380,NA,869,140,80.1,176,772,92.7,4.54,631,10.5,208,19.1,275,48.5,223,167,41.6,81.5,6.27,1423.88,1423.5,3.35,23.9,17,15.6,14.8,26.5
2019-11-29 16:00:00,3190,87.3,53.8,376,NA,869,140,82.6,176,772,92.7,4.78,625,10.5,208,19.1,275,48.5,223,167,41.6,81.5,6.27,1423.88,1423.49,3.34,23.9,16.4,15.6,14.8,26.5
2019-11-29 17:00:00,3080,91.3,53.8,376,NA,869,140,81.4,176,772,92.7,4.78,625,9.99,208,19.1,275,47.4,223,167,41.6,81.5,6.27,1424.03,1423.48,3.33,23.9,16.4,15.6,14.8,27.5
2019-11-29 18:00:00,3080,91.3,53.8,380,2350,869,140,80.1,176,772,92.7,4.78,625,9.99,204,19.1,269,47.4,223,167,41.6,81.5,6.27,1423.94,1423.47,3.32,23.9,16.4,15.6,14.8,26.5
2019-11-29 19:00:00,3180,87.3,53.8,376,2370,861,140,78.9,176,772,92.7,4.78,619,9.99,204,19.1,269,47.4,223,167,41.6,81.5,6.27,1423.89,1423.45,3.32,23.9,17,15.6,14.8,26.5
2019-11-29 20:00:00,3240,89.3,52.2,372,2370,852,140,80.1,174,772,92.7,4.78,619,9.99,201,19.1,275,47.4,223,167,41.6,79.8,6.27,1423.92,1423.44,3.31,23.9,15.8,15.6,14.8,26.5
2019-11-29 21:00:00,3230,85.4,52.2,372,2370,852,143,80.1,174,764,92.7,4.78,619,10.5,201,19.1,269,47.4,223,167,41.6,79.8,6.27,1423.96,1423.43,3.3,23.9,16.4,15.6,15.6,25.6
2019-11-29 22:00:00,3230,87.3,52.2,368,2400,844,143,80.1,171,764,92.7,4.54,619,10.5,198,19.1,275,47.4,223,167,41.6,79.8,6.27,1423.98,1423.41,3.3,23.9,16.4,15.6,15.6,25.6
2019-11-29 23:00:00,3230,85.4,52.2,364,2400,835,143,81.4,171,764,92.7,4.54,613,10.5,198,19.1,275,47.4,223,167,41.6,79.8,6.27,1423.82,1423.4,3.29,23.9,16.4,15.6,15.6,26.5
2019-11-30 00:00:00,3170,85.4,52.2,364,2400,827,143,80.1,171,764,90.6,4.54,619,10.5,195,19.7,275,47.4,223,167,41.6,79.8,6.27,1423.8,1423.38,3.29,23.9,16.4,15.6,15.6,26.5
2019-11-30 01:00:00,3280,83.2,52.2,364,2400,827,143,78.9,171,764,90.6,4.54,619,10.5,195,19.7,275,NA,223,167,41.6,79.8,6.27,1423.83,1423.37,3.29,23.9,16.4,15.6,15.6,26.5
2019-11-30 02:00:00,3500,87.3,52.2,360,2420,819,145,80.1,171,764,90.6,4.54,619,9.99,195,19.1,275,47.4,223,167,41.6,79.8,6.27,1423.93,1423.35,3.29,23.9,16.4,15.6,15.6,26.5
2019-11-30 03:00:00,3440,83.2,52.2,360,2420,811,145,80.1,171,755,90.6,4.54,619,9.99,192,19.1,275,48.5,223,167,41.6,79.8,5.92,1423.83,1423.34,3.28,23.9,16.4,15.6,15.6,25.6
2019-11-30 04:00:00,3380,85.4,52.2,360,2420,811,145,80.1,171,755,90.6,4.31,619,9.99,192,19.1,275,47.4,NA,167,41.6,79.8,5.92,1423.91,1423.32,3.28,23.9,16.4,15.6,15.6,25.6
2019-11-30 05:00:00,3320,83.2,52.2,356,2400,803,145,78.9,171,738,90.6,4.31,619,9.99,192,19.1,275,47.4,220,167,41.6,79.8,5.92,1423.9,1423.31,3.28,23.9,15.8,15.6,15.6,25.6
2019-11-30 06:00:00,3210,78.9,52.2,356,2400,803,145,78.9,171,729,90.6,4.31,619,9.99,192,19.1,275,48.5,223,167,41.6,78.1,5.92,1423.75,1423.3,3.28,23.9,16.4,15.6,14.8,25.6
2019-11-30 07:00:00,3430,76.8,52.2,352,2400,803,145,77.8,174,729,90.6,4.31,619,9.99,192,19.1,275,47.4,220,170,41.6,78.1,5.92,1423.75,1423.28,3.29,23.9,15.8,15.6,14.8,24.7
2019-11-30 08:00:00,3200,74.8,52.2,352,2400,803,145,77.8,174,729,90.6,4.08,619,9.47,192,19.1,275,48.5,223,167,41.6,78.1,5.92,1423.79,1423.27,3.29,23.9,16.4,15.6,14.8,24.7
2019-11-30 09:00:00,3140,72.8,50.6,348,2370,795,145,77.8,174,729,90.6,4.08,619,9.47,192,19.1,275,48.5,223,167,41.6,78.1,5.92,1423.72,1423.2,3.29,23.9,16.4,15.6,14.8,24.7
2019-11-30 10:00:00,3030,70.8,50.6,348,2370,795,143,77.8,174,729,90.6,4.31,619,9.47,192,19.1,275,47.4,223,167,41.6,78.1,5.92,1423.84,1423.23,3.28,23.9,17,15.6,14.8,24.7
2019-11-30 11:00:00,3140,70.8,50.6,345,2350,795,143,78.9,171,729,90.6,4.08,619,9.47,192,19.1,275,47.4,223,167,41.6,78.1,5.92,1423.64,1423.22,3.29,23.9,16.4,15.6,14.8,23.8
2019-11-30 12:00:00,3140,68.8,50.6,345,2350,795,143,77.8,171,729,90.6,4.08,619,9.47,192,19.1,275,48.5,223,167,41.6,78.1,5.92,1423.66,1423.22,3.29,23.9,16.4,15.6,14.8,23.8
2019-11-30 13:00:00,3130,74.8,50.6,341,2330,795,143,77.8,171,721,90.6,4.08,619,8.97,192,19.1,275,48.5,223,170,41.6,78.1,5.92,1423.61,1423.2,3.29,23.9,16.4,15.6,14.8,23.8
2019-11-30 14:00:00,3020,81.1,49.1,345,2350,795,140,78.9,171,721,90.6,4.08,613,8.97,192,19.1,275,47.4,223,167,41.6,78.1,5.92,1423.55,1423.18,3.29,23.9,16.4,15.6,14.8,23.8
2019-11-30 15:00:00,2910,89.3,49.1,345,2330,795,140,80.1,171,721,90.6,4.08,613,8.97,192,19.1,275,48.5,223,167,41.6,78.1,5.92,1423.6,1423.1,3.29,23.9,16.4,15.6,14.8,23.8
2019-11-30 16:00:00,3070,89.3,49.1,345,2330,795,140,81.4,171,721,90.6,4.08,613,8.97,192,19.1,275,48.5,223,167,41.6,78.1,5.92,1423.6,1423.16,3.29,23.9,16.4,15.1,14.8,23.8
2019-11-30 17:00:00,2960,91.3,49.1,345,2330,795,140,80.1,168,721,90.6,4.08,607,8.97,192,19.1,275,47.4,223,167,41.6,78.1,5.92,1423.76,1423.14,3.29,23.9,16.4,15.6,14.8,24.7
2019-11-30 18:00:00,3010,89.3,49.1,345,2330,795,140,78.9,168,721,90.6,4.08,601,8.97,192,19.1,275,48.5,223,167,41.6,78.1,5.92,1423.63,1423.13,3.28,23.9,16.4,15.1,14.8,24.7
2019-11-30 19:00:00,3060,89.3,49.1,341,2330,795,140,78.9,168,721,90.6,4.08,601,8.97,192,19.1,275,48.5,220,167,41.6,78.1,5.92,1423.67,1423.11,3.27,23.9,16.4,15.6,14.8,24.7
2019-11-30 20:00:00,3010,87.3,49.1,337,2330,795,140,78.9,168,721,90.6,4.08,601,8.97,192,19.1,275,47.4,223,167,41.6,78.1,5.92,1423.62,1423.1,3.26,23.9,16.4,15.1,14.8,24.7
2019-11-30 21:00:00,2900,89.3,49.1,337,2330,795,140,78.9,168,721,90.6,4.08,601,8.48,192,19.1,275,48.5,223,167,41.6,78.1,5.92,1423.59,1423.08,3.26,23.9,16.4,15.6,14.8,24.7
2019-11-30 22:00:00,2950,87.3,49.1,337,2330,803,140,80.1,166,721,90.6,4.08,595,8.48,192,19.1,275,48.5,223,167,41.6,78.1,5.92,1423.55,1423.06,3.26,23.9,16.4,15.6,14.8,24.7
2019-11-30 23:00:00,3000,85.4,49.1,337,2330,803,140,80.1,166,712,90.6,3.87,595,8.48,192,19.1,275,47.4,223,167,41.6,78.1,5.92,1423.47,1423.04,3.25,23.9,16.4,15.6,14.8,24.7
2019-12-01 00:00:00,2890,87.3,49.1,333,2330,803,143,78.9,166,712,88.5,3.87,595,8.48,192,19.1,275,48.5,220,167,41.6,78.1,5.92,1423.5,1423.03,3.25,23.9,16.4,15.1,14.8,24.7
2019-12-01 01:00:00,3320,85.4,49.1,333,2330,803,143,77.8,166,712,88.5,3.87,595,8.48,192,19.1,275,NA,223,167,41.6,78.1,5.92,1423.51,1423.02,3.25,23.9,16.4,15.6,14.8,24.7
2019-12-01 02:00:00,2990,83.2,49.1,330,2300,803,143,78.9,166,712,88.5,3.87,595,8.48,192,19.1,275,47.4,223,167,41.6,78.1,5.92,1423.47,1423,3.25,23.9,16.4,15.6,14.8,24.7
2019-12-01 03:00:00,2830,81.1,49.1,330,2330,803,143,80.1,163,712,88.5,3.87,601,8.48,192,19.1,275,47.4,223,167,41.6,78.1,5.92,1423.48,1422.99,3.25,23.9,16.4,15.1,14.8,24.7
2019-12-01 04:00:00,3480,83.2,49.1,330,NA,811,143,80.1,163,712,88.5,3.87,601,8.48,192,19.1,275,48.5,226,167,41.6,78.1,5.92,1423.44,1422.98,3.25,23.9,16.4,15.6,14.8,24.7
2019-12-01 05:00:00,2930,83.2,49.1,326,2350,803,143,80.1,163,712,88.5,3.87,601,8.48,195,19.1,275,48.5,226,170,42.4,78.1,6.27,1423.49,1422.97,3.25,23.9,16.4,15.6,14.8,24.7
2019-12-01 06:00:00,3200,78.9,49.1,326,2350,811,143,78.9,163,712,88.5,3.87,601,8.48,198,19.1,275,48.5,226,167,42.4,79.8,6.27,1423.45,1422.96,3.25,23.9,16.4,15.6,14.8,23.8
2019-12-01 07:00:00,3140,76.8,49.1,330,NA,811,143,77.8,166,712,90.6,4.08,607,8.48,198,19.7,282,49.6,226,167,41.6,79.8,6.63,1423.5,1422.94,3.25,25.1,16.4,15.6,14.8,23.8
2019-12-01 08:00:00,3240,74.8,49.1,330,2330,819,143,77.8,166,712,90.6,3.87,607,8.48,201,19.7,282,50.8,229,170,41.6,79.8,6.63,1423.42,1422.93,3.25,25.1,16.4,15.6,14.8,23.8
2019-12-01 09:00:00,3300,72.8,49.1,330,2350,819,143,80.1,166,721,90.6,4.08,607,8.48,204,19.7,282,52,235,170,42.4,81.5,7.01,1423.42,1422.92,3.25,25.1,16.4,15.6,14.8,23
2019-12-01 10:00:00,2910,72.8,50.6,333,2350,827,145,81.4,171,729,92.7,4.31,613,8.97,208,20.3,288,54.5,235,170,42.4,83.3,7.41,1423.41,1422.91,3.26,25.1,17,16,14.8,23.8
2019-12-01 11:00:00,3400,74.8,52.2,337,NA,835,145,82.6,174,729,94.9,4.78,625,9.99,211,20.9,307,57.1,238,170,42.4,86.9,7.82,1423.46,1422.91,3.27,26.3,17.6,16.5,15.6,24.7
2019-12-01 12:00:00,3570,76.8,53.8,348,2420,844,148,82.6,176,747,94.9,5.57,631,9.99,211,20.3,314,71.1,238,167,42.4,88.8,8.24,1423.41,1422.9,3.27,27.5,18.8,17.5,16.3,24.7
2019-12-01 13:00:00,3570,78.9,55.4,380,2420,852,150,85.1,176,755,94.9,5.57,631,10.5,211,20.3,320,72.7,235,170,42.4,90.6,8.69,1423.38,1422.9,3.29,30,19.5,19,16.3,25.6
2019-12-01 14:00:00,3340,91.3,58.7,420,2540,861,150,87.6,179,755,94.9,5.57,637,10.5,211,20.9,320,72.7,235,170,42.4,92.5,9.15,1423.4,1422.89,3.29,32.8,22.6,20.8,17.9,26.5
2019-12-01 15:00:00,3340,102,62.2,496,NA,861,150,88.8,181,755,94.9,5.85,637,11.1,211,20.9,314,68.2,232,167,42.4,94.4,9.15,1423.39,1422.88,3.29,37.3,25.9,24.1,18.8,27.5
2019-12-01 16:00:00,3170,114,64.1,579,2540,861,150,90.1,184,764,97,5.85,643,11.6,214,20.9,320,65.3,232,170,42.4,98.2,9.64,1423.39,1422.87,3.3,42.1,28.5,28.7,23.2,29.4
2019-12-01 17:00:00,3560,133,67.8,604,2560,861,150,90.1,184,764,97,5.85,643,12.2,214,21.5,320,66.7,235,167,42.4,102,10.1,1423.38,1422.86,3.31,54.7,33.2,37.7,30.9,34.6
2019-12-01 18:00:00,3160,171,73.6,589,2560,861,153,90.1,187,764,97,6.15,650,12.8,214,21.5,314,66.7,235,170,42.4,110,10.1,1423.55,1422.85,3.32,62.9,36.1,51.8,30.9,40.4
2019-12-01 19:00:00,3160,198,73.6,584,2560,861,153,88.8,192,772,97,6.15,650,13.3,214,22.8,314,66.7,238,170,43.2,120,11.2,1423.38,1422.84,3.32,66.9,40.3,65.3,36.1,49.5
2019-12-01 20:00:00,3100,213,77.7,599,2590,861,153,90.1,195,781,97,6.46,650,13.3,214,24.9,327,71.1,241,170,43.2,132,12.9,1423.55,1422.84,3.33,72.9,42.4,63.3,36.1,58.2
2019-12-01 21:00:00,3100,213,79.8,631,2610,861,158,91.4,197,781,97,6.46,656,14,214,25.6,341,77.4,241,170,42.4,182,14.1,1423.48,1422.84,3.33,79.1,46.9,57.4,35,66.1
2019-12-01 22:00:00,3320,219,82,698,2630,869,163,94,197,781,97,6.78,662,14,214,25.6,348,96,241,170,43.2,225,15.4,1423.39,1422.84,3.34,81.3,50.3,50.9,35,76.5
2019-12-01 23:00:00,3900,219,84.2,796,2610,869,169,94,200,781,97,6.78,668,14.6,214,26.4,341,85.7,241,170,43.2,275,16.8,1423.38,1422.83,3.34,81.3,51.5,45.7,37.2,102
2019-12-02 00:00:00,3710,213,86.4,915,2630,869,177,92.7,203,781,97,7.12,680,14.6,214,26.4,355,85.7,241,167,43.2,347,18.3,1423.4,1422.83,3.35,79.1,49.2,41.6,38.3,111
2019-12-02 01:00:00,3890,219,86.4,1020,2630,878,182,92.7,206,781,97,7.47,686,14.6,211,26.4,362,85.7,244,170,42.4,450,19.9,1423.58,1422.83,3.35,79.1,46.9,38.5,37.2,109
2019-12-02 02:00:00,3190,213,91,1080,2630,878,182,94,208,772,97,7.83,699,15.2,211,26.4,362,84,244,170,42.4,555,22.7,1423.61,1422.83,3.36,74.9,43.5,35.5,36.1,105
2019-12-02 03:00:00,3700,203,95.7,1110,2660,878,182,95.4,211,772,97,8.15,705,15.2,211,26.4,369,85.7,244,170,42.4,610,24.6,1423.55,1422.83,3.38,72.9,42.4,33.4,35,100
2019-12-02 04:00:00,3410,193,98.1,1150,2630,878,179,95.4,217,772,97,8.49,723,15.2,214,27.1,369,85.7,244,170,42.4,641,33.8,1423.64,1422.82,3.39,68.9,40.3,32,33,96.4
2019-12-02 05:00:00,3410,171,103,1190,2610,878,177,95.4,220,772,97,8.49,729,15.8,214,27.9,369,87.3,244,170,42.4,662,37.4,1423.76,1422.82,3.41,65,38.2,30.3,32,92.7
2019-12-02 06:00:00,3350,156,106,1240,2610,878,174,92.7,228,772,97,8.49,736,15.8,214,27.9,369,89,244,170,42.4,662,38.6,1423.66,1422.82,3.43,62.9,37.2,29.8,29.9,89.2
2019-12-02 07:00:00,3400,142,108,1310,2610,878,171,92.7,240,781,97,8.49,736,15.8,218,28.6,376,90.7,241,170,42.4,651,38.6,1423.72,1422.83,3.46,60.8,35.1,28.7,28.9,85.7
2019-12-02 08:00:00,3630,133,114,1390,2610,1030,169,92.7,249,781,97,8.49,742,15.8,218,28.6,369,94.2,241,167,42.4,641,39.9,1423.78,1422.83,3.48,58.7,34.2,28.1,27.9,82.1
2019-12-02 09:00:00,3230,129,125,1480,2590,957,166,96.7,263,772,97,8.83,742,16.5,221,28.6,376,96,241,170,42.4,620,41.1,1423.85,1422.84,3.5,56.7,34.2,27.6,26.9,80.2
2019-12-02 10:00:00,3230,126,131,1590,2470,904,163,108,270,772,97,8.83,742,16.5,221,29.4,376,96,241,170,42.4,599,41.1,1423.88,1422.86,3.52,54.7,33.2,27.1,25.9,78.4
2019-12-02 11:00:00,NA,123,134,1660,2470,886,163,121,277,772,97,9.55,748,17.1,221,30.2,376,103,241,170,42.4,579,41.1,1423.96,1422.87,3.55,52.8,32.2,27.1,25,76.5
2019-12-02 12:00:00,3170,129,134,1740,2470,878,163,127,284,772,97,10.3,754,17.1,225,30.2,376,115,238,170,42.4,560,41.1,1424,1422.88,3.56,50.9,32.2,26.6,25,74.7
2019-12-02 13:00:00,3170,129,134,1790,2610,878,163,127,288,781,97,11.6,760,18.5,225,30.2,383,123,238,170,42.4,541,41.1,1423.95,1422.89,3.59,49,31.3,26.1,24.1,73
2019-12-02 14:00:00,3170,129,134,1810,2470,878,163,130,292,781,97,12.5,766,19.9,225,30.2,391,127,238,170,42.4,517,41.1,1424.06,1422.91,3.61,49,31.3,26.1,23.2,71.2
2019-12-02 15:00:00,3170,129,134,1800,2510,886,163,124,296,781,97,12.5,766,21.4,228,30.2,405,127,238,167,42.4,494,39.9,1424.1,1422.91,3.64,49,30.3,26.1,23.2,69.5
2019-12-02 16:00:00,NA,NA,NA,NA,NA,NA,NA,NA,NA,NA,NA,12.5,NA,NA,NA,NA,NA,NA,238,NA,NA,NA,NA,NA,1422.92,NA,NA,NA,NA,NA,NA
